prodcode,gemscriptcode,productname,drugsubstance,strength,formulation,route,,,,,,,,
10864,64150020,Betamethasone 500microgram tablets,Betamethasone,500microgram,Tablet,Oral,,,,,,,,
11149,48403020,Betnelan 500microgram tablets (Focus Pharmaceuticals Ltd),Betamethasone,500microgram,Tablet,Oral,,,,,,,,
1971,54445020,Betnesol 500microgram soluble tablets (Focus Pharmaceuticals Ltd),Betamethasone sodium phosphate,500microgram,Soluble tablet,Oral,,,,,,,,
7286,75121020,Betamethasone 500microgram soluble tablets sugar free,Betamethasone sodium phosphate,500microgram,Soluble tablet,Oral,,,,,,,,
50225,6564020,Betnesol 500microgram soluble tablets (Waymade Healthcare Plc),Betamethasone sodium phosphate,500microgram,Soluble tablet,Oral,,,,,,,,
64235,44411020,Betamethasone 500microgram soluble tablets sugar free (Alliance Healthcare (Distribution) Ltd),Betamethasone sodium phosphate,500microgram,Soluble tablet,Oral,,,,,,,,
68306,44409020,Betamethasone 500microgram soluble tablets sugar free (RPH Pharmaceuticals AB),Betamethasone sodium phosphate,500microgram,Soluble tablet,Oral,,,,,,,,
15717,70607020,Betamethasone 4mg/1ml solution for injection ampoules,Betamethasone sodium phosphate,4mg/1ml,Solution for injection,Intravenous/Subconjunctival/Intramuscular,,,,,,,,
22577,54442020,Betnesol 4mg/1ml solution for injection ampoules (Focus Pharmaceuticals Ltd),Betamethasone sodium phosphate,4mg/1ml,Solution for injection,Intravenous/Subconjunctival/Intramuscular,,,,,,,,
229,61624020,Cortisone 25mg tablets,Cortisone acetate,25mg,Tablet,Oral,,,,,,,,
7548,87443020,Cortisone 5mg capsules,Cortisone acetate,5mg,Capsule,Oral,,,,,,,,
53143,6565020,Cortisone 25mg tablets (A A H Pharmaceuticals Ltd),Cortisone acetate,25mg,Tablet,Oral,,,,,,,,
10574,61623020,Cortisone acetate 5mg tablets,Cortisone Acetate,5mg,Tablets,Oral,,,,,,,,
12398,48785020,Cortelan 25mg Tablet (Glaxo Laboratories Ltd),Cortisone acetate,25mg,Tablet,Oral,,,,,,,,
12400,48793020,Cortisyl 25mg Tablet (Aventis Pharma),Cortisone acetate,25mg,Tablet,Oral,,,,,,,,
18637,48789020,Cortistab 25mg Tablet (Waymade Healthcare Plc),Cortisone acetate,25mg,Tablet,Oral,,,,,,,,
23210,48788020,Cortistab 5mg Tablet (Waymade Healthcare Plc),Cortisone Acetate,5mg,Tablet,Oral,,,,,,,,
53705,67162020,Cortisone acetate 5mg Capsule (Martindale Pharmaceuticals Ltd),Cortisone acetate,5mg,Capsule,Oral,,,,,,,,
17410,83655020,Deflazacort 30mg tablets,Deflazacort,30mg,Tablet,Oral,,,,,,,,
29112,83661020,Calcort 30mg tablets (Shire Pharmaceuticals Ltd),Deflazacort,30mg,Tablet,Oral,,,,,,,,
3992,83654020,Deflazacort 6mg tablets,Deflazacort,6mg,Tablet,Oral,,,,,,,,
9375,83656020,Deflazacort 1mg tablets,Deflazacort,1mg,Tablet,Oral,,,,,,,,
22555,83662020,Calcort 1mg tablets (Shire Pharmaceuticals Ltd),Deflazacort,1mg,Tablet,Oral,,,,,,,,
41335,97523020,Calcort 6mg tablets (Sanofi),Deflazacort,6mg,Tablet,Oral,,,,,,,,
20577,83660020,Calcort 6mg Tablet (Shire Pharmaceuticals Ltd),Deflazacort,6mg,Tablet,Oral,,,,,,,,
5157,75321020,Dexamethasone 2mg/5ml oral solution,Dexamethasone,2mg/5ml,Oral Solution,Oral,,,,,,,,
21903,53177020,Oradexon-organon 2mg Tablet (Organon Laboratories Ltd),Dexamethasone,2mg,Tablet,Oral,,,,,,,,
34801,55666020,Dexamethasone 0.5mg/5ml Oral solution (Rosemont Pharmaceuticals Ltd),Dexamethasone,100microgram/1ml,Oral solution,Oral,,,,,,,,
36055,74310020,Dexamethasone 2mg Tablet (Hillcross Pharmaceuticals Ltd),Dexamethasone,2mg,Tablet,Oral,,,,,,,,
53207,95127020,Dexamethasone tablets,Dexamethasone,,,,,,,,,,,
68489,70674021,Dexamethasone 4mg tablets,Dexamethasone,4mg,Tablet,Oral,,,,,,,,
73216,81384021,Dexamethasone 8mg tablets,Dexamethasone,8mg,Tablet,Oral,,,,,,,,
1280,62322020,Dexamethasone 2mg tablets,Dexamethasone,2mg,Tablet,Oral,,,,,,,,
4779,62321020,Dexamethasone 500microgram tablets,Dexamethasone,500microgram,Tablet,Oral,,,,,,,,
9994,57978020,Decadron 500microgram tablets (Merck Sharp & Dohme Ltd),Dexamethasone,500microgram,Tablet,Oral,,,,,,,,
34880,53490020,Dexamethasone 2mg tablets (Aspen Pharma Trading Ltd),Dexamethasone,2mg,Tablet,Oral,,,,,,,,
34915,53489020,Dexamethasone 500microgram tablets (Organon Laboratories Ltd),Dexamethasone,500microgram,Tablet,Oral,,,,,,,,
55401,6568020,Dexamethasone 500microgram tablets (A A H Pharmaceuticals Ltd),Dexamethasone,500microgram,Tablet,Oral,,,,,,,,
60120,6571020,Dexamethasone 2mg tablets (Alliance Healthcare (Distribution) Ltd),Dexamethasone,2mg,Tablet,Oral,,,,,,,,
62909,6570020,Dexamethasone 2mg tablets (A A H Pharmaceuticals Ltd),Dexamethasone,2mg,Tablet,Oral,,,,,,,,
68182,6573020,Dexamethasone 2mg tablets (Teva UK Ltd),Dexamethasone,2mg,Tablet,Oral,,,,,,,,
19259,89889020,Dexamethasone 8mg/2ml solution for injection vials,Dexamethasone sodium phosphate,4mg/1ml,Solution for injection,Rectal/Intramuscular/Subcutaneous/Intrabursal/Intravenous/Intraarticular,,,,,,,,
21668,58005020,Decadron shock pak 20 20mg/ml Shock pack (Merck Sharp & Dohme Ltd),Dexamethasone Sodium Phosphate,20mg/ml,Shock Pack,,,,,,,,,
26300,62332020,Dexamethasone 20mg/ml shock pack,Dexamethasone Sodium Phosphate,20mg/ml,Shock Treatment Pack,,,,,,,,,
28215,71642020,Dexamethasone 100mg/5ml solution for injection vials,Dexamethasone sodium phosphate,20mg/1ml,Solution for injection,Intravenous,,,,,,,,
47598,72102020,Dexamethasone 8mg/2ml solution for injection vials (Organon Laboratories Ltd),Dexamethasone sodium phosphate,4mg/1ml,Solution for injection,Rectal/Intramuscular/Subcutaneous/Intrabursal/Intravenous/Intraarticular,,,,,,,,
4233,62327020,Dexamethasone sodium phosphate 4mg/ml injection,Dexamethasone Sodium Phosphate,4mg/ml,Injection,Subcutaneous Injection,,,,,,,,
10657,62329020,Dexamethasone sodium phosphate 4mg/ml intra-artic injection,Dexamethasone Sodium Phosphate,4mg/ml,Intra-articular Injection,,,,,,,,,
11334,62328020,Dexamethasone sodium phosphate iv 4mg/ml injection,Dexamethasone Sodium Phosphate,4mg/ml,Iv Injection,,,,,,,,,
13952,57986020,Decadron 4mg/ml Injection (MSD Thomas Morson Pharmaceuticals),Dexamethasone Sodium Phosphate,4mg/ml,Injection,Intravenous Injection,,,,,,,,
13972,71641020,Dexamethasone sodium phosphate 5mg/ml injection,Dexamethasone Sodium Phosphate,5mg/ml,Injection,,,,,,,,,
14906,89887020,Dexamethasone 4mg/1ml solution for injection ampoules,Dexamethasone sodium phosphate,4mg/1ml,Solution for injection,Rectal/Intramuscular/Intraarticular/Intrabursal/Intravenous/Subcutaneous,,,,,,,,
26299,56573020,Oradexon-organon 4mg/ml Intraarticular injection (Organon Laboratories Ltd),Dexamethasone Sodium Phosphate,4mg/ml,Intraarticular Injection,,,,,,,,,
26454,57987020,Decadron 4mg/ml Injection (MSD Thomas Morson Pharmaceuticals),Dexamethasone Sodium Phosphate,4mg/ml,Injection,Intravenous Injection,,,,,,,,
31948,61648020,Dexamethasone 4mg/ml Injection (Mayne Pharma Plc 1),Dexamethasone Sodium Phosphate,4mg/ml,Injection,Subcutaneous Injection,,,,,,,,
34083,61132020,Dexamethasone 5mg/ml Injection (Organon Laboratories Ltd),Dexamethasone Sodium Phosphate,5mg/ml,Injection,Subcutaneous Injection,,,,,,,,
35453,92434020,Dexamethasone 3.3mg/1ml solution for injection ampoules,Dexamethasone sodium phosphate,3.3mg/1ml,Solution for injection,Subcutaneous/Intralesional/Intravenous/Intraarticular/Intramuscular/Intrabursal,,,,,,,,
37500,92436020,Dexamethasone 6.6mg/2ml solution for injection vials,Dexamethasone sodium phosphate,3.3mg/1ml,Solution for injection,Intravenous/Intrabursal/Intraarticular/Intramuscular,,,,,,,,
53173,72099020,Dexamethasone 4mg/1ml solution for injection ampoules (Aspen Pharma Trading Ltd),Dexamethasone sodium phosphate,4mg/1ml,Solution for injection,Rectal/Intramuscular/Intraarticular/Intrabursal/Intravenous/Subcutaneous,,,,,,,,
56940,14717021,Dexamethasone 6.6mg/2ml solution for injection ampoules,Dexamethasone sodium phosphate,3.3mg/1ml,Solution for injection,Subcutaneous/Intralesional/Intrabursal/Intraarticular/Intramuscular/Intravenous,,,,,,,,
61316,13639020,Dexamethasone 4mg/1ml solution for injection ampoules (Alliance Healthcare (Distribution) Ltd),Dexamethasone sodium phosphate,4mg/1ml,Solution for injection,Rectal/Intramuscular/Intraarticular/Intrabursal/Intravenous/Subcutaneous,,,,,,,,
61958,40591021,Dexamethasone 3.8mg/1ml solution for injection vials,Dexamethasone sodium phosphate,3.8mg/1ml,Solution for injection,Subcutaneous/Intrabursal/Intraarticular/Intravenous/Intramuscular/Rectal,,,,,,,,
66200,62211021,Dexamethasone 2mg soluble tablets sugar free,Dexamethasone sodium phosphate,2mg,Soluble tablet,Oral,,,,,,,,
66287,62215021,Dexamethasone 8mg soluble tablets sugar free,Dexamethasone sodium phosphate,8mg,Soluble tablet,Oral,,,,,,,,
66524,62213021,Dexamethasone 4mg soluble tablets sugar free,Dexamethasone sodium phosphate,4mg,Soluble tablet,Oral,,,,,,,,
68103,65918021,Dexamethasone 2mg soluble tablets sugar free (A A H Pharmaceuticals Ltd),Dexamethasone sodium phosphate,2mg,Soluble tablet,Oral,,,,,,,,
68860,65922021,Dexamethasone 8mg soluble tablets sugar free (A A H Pharmaceuticals Ltd),Dexamethasone sodium phosphate,8mg,Soluble tablet,Oral,,,,,,,,
72848,78408021,Glensoludex 2mg soluble tablets (Glenmark Pharmaceuticals Europe Ltd),Dexamethasone sodium phosphate,2mg,Soluble tablet,Oral,,,,,,,,
2434,49494020,Florinef 100microgram tablets (Aspen Pharma Trading Ltd),Fludrocortisone acetate,100microgram,Tablet,Oral,,,,,,,,
2439,61943020,Fludrocortisone 100microgram tablets,Fludrocortisone acetate,100microgram,Tablet,Oral,,,,,,,,
37622,92991020,Fludrocortisone Capsule,Fludrocortisone Acetate,,Capsule,Oral,,,,,,,,
37870,92989020,Fludrocortisone Liquid,Fludrocortisone Acetate,,Liquid,Oral,,,,,,,,
52472,19929020,Fludrocortisone 50micrograms/5ml oral suspension,Fludrocortisone acetate,10microgram/1ml,Oral suspension,Oral,,,,,,,,
60516,20887020,Fludrocortisone 50microgram capsules,Fludrocortisone acetate,50microgram,Capsule,Oral,,,,,,,,
64475,19923020,Fludrocortisone 25micrograms/5ml oral suspension,Fludrocortisone acetate,5microgram/1ml,Oral suspension,Oral,,,,,,,,
64988,19917020,Fludrocortisone 150micrograms/5ml oral suspension,Fludrocortisone acetate,30microgram/1ml,Oral suspension,Oral,,,,,,,,
68166,30529020,Fludrocortisone 20micrograms/5ml oral suspension,Fludrocortisone acetate,4microgram/1ml,Oral suspension,Oral,,,,,,,,
68673,66048021,Fludrocortisone 100microgram tablets (A A H Pharmaceuticals Ltd),Fludrocortisone acetate,100microgram,Tablet,Oral,,,,,,,,
68693,30521020,Fludrocortisone 10micrograms/5ml oral suspension,Fludrocortisone acetate,2microgram/1ml,Oral suspension,Oral,,,,,,,,
72449,19921020,Fludrocortisone 250micrograms/5ml oral suspension,Fludrocortisone acetate,50microgram/1ml,Oral suspension,Oral,,,,,,,,
73858,19919020,Fludrocortisone 200micrograms/5ml oral suspension,Fludrocortisone acetate,40microgram/1ml,Oral suspension,Oral,,,,,,,,
74095,19913020,Fludrocortisone 100micrograms/5ml oral suspension,Fludrocortisone acetate,20microgram/1ml,Oral suspension,Oral,,,,,,,,
8997,74057020,Gestrinone 2.5mg capsules,Gestrinone,2.5mg,Capsule,Oral,,,,,,,,
3418,63491020,Hydrocortisone 10mg tablets,Hydrocortisone,10mg,Tablet,Oral,,,,,,,,
4535,63492020,Hydrocortisone 20mg tablets,Hydrocortisone,20mg,Tablet,Oral,,,,,,,,
6098,58008020,Hydrocortone 10mg tablets (Auden McKenzie (Pharma Division) Ltd),Hydrocortisone,10mg,Tablet,Oral,,,,,,,,
13043,58009020,Hydrocortone 20mg tablets (Auden McKenzie (Pharma Division) Ltd),Hydrocortisone,20mg,Tablet,Oral,,,,,,,,
38022,94691020,Hydrocortisone 10mg/5ml oral suspension,Hydrocortisone,2mg/1ml,Oral suspension,Oral,,,,,,,,
51722,20239020,Hydrocortisone 5mg/5ml oral suspension,Hydrocortisone,1mg/1ml,Oral suspension,Oral,,,,,,,,
51824,40205020,Hydrocortisone 5mg/5ml oral suspension sugar free,Hydrocortisone,1mg/1ml,Oral suspension,Oral,,,,,,,,
51849,32190020,Hydrocortisone 1mg/5ml oral suspension,Hydrocortisone,200microgram/1ml,Oral suspension,Oral,,,,,,,,
51871,36273020,Hydrocortisone 2mg capsules,Hydrocortisone,2mg,Capsule,Oral,,,,,,,,
51872,36388020,Hydrocortisone 2.5mg capsules,Hydrocortisone,2.5mg,Capsule,Oral,,,,,,,,
52053,32204020,Hydrocortisone 3mg/5ml oral suspension,Hydrocortisone,600microgram/1ml,Oral suspension,Oral,,,,,,,,
53953,46191020,Hydrocortisone 5mg modified-release tablets,Hydrocortisone,5mg,Modified-release tablet,Oral,,,,,,,,
54794,46189020,Hydrocortisone 20mg modified-release tablets,Hydrocortisone,20mg,Modified-release tablet,Oral,,,,,,,,
57931,78292020,Hydrocortisone 20mg tablets (Teva UK Ltd),Hydrocortisone,20mg,Tablet,Oral,,,,,,,,
58592,46190020,Plenadren 20mg modified-release tablets (Shire Pharmaceuticals Ltd),Hydrocortisone,20mg,Modified-release tablet,Oral,,,,,,,,
59418,46192020,Plenadren 5mg modified-release tablets (Shire Pharmaceuticals Ltd),Hydrocortisone,5mg,Modified-release tablet,Oral,,,,,,,,
63138,44830021,Hydrocortisone 5mg/5ml oral solution,Hydrocortisone,1mg/1ml,Oral solution,Oral,,,,,,,,
64059,20233020,Hydrocortisone 2.5mg/5ml oral suspension,Hydrocortisone,500microgram/1ml,Oral suspension,Oral,,,,,,,,
64787,77481020,Hydrocortisone 10mg tablets (Almus Pharmaceuticals Ltd),Hydrocortisone,10mg,Tablet,Oral,,,,,,,,
65984,75399020,Hydrocortisone 10mg tablets (Actavis UK Ltd),Hydrocortisone,10mg,Tablet,Oral,,,,,,,,
66327,75402020,Hydrocortisone 20mg tablets (Actavis UK Ltd),Hydrocortisone,20mg,Tablet,Oral,,,,,,,,
66666,78289020,Hydrocortisone 10mg tablets (Teva UK Ltd),Hydrocortisone,10mg,Tablet,Oral,,,,,,,,
71620,32224020,Hydrocortisone 7mg/5ml oral suspension,Hydrocortisone,1.4mg/1ml,Oral suspension,Oral,,,,,,,,
74497,32220020,Hydrocortisone 7.5mg/5ml oral suspension,Hydrocortisone,1.5mg/1ml,Oral suspension,Oral,,,,,,,,
74502,82216021,Alkindi 1mg granules in capsules for opening (Diurnal Ltd),Hydrocortisone,1mg,Granules,Oral,,,,,,,,
10754,49862020,Hydrocortistab 20mg Tablet (Waymade Healthcare Plc),Hydrocortisone,20mg,Tablet,Oral,,,,,,,,
14076,76613020,Hydrocortisone 5mg/5ml Oral solution,Hydrocortisone,5mg/5ml,Oral Solution,Oral,,,,,,,,
38054,92567020,Hydrocortisone Tablet,Hydrocortisone,,Tablet,Oral,,,,,,,,
35172,92307020,Efcortesol 100mg/1ml solution for injection ampoules (AMCo),Hydrocortisone sodium phosphate,100mg/1ml,Solution for injection,Intralesional/Intramuscular/Intravenous,,,,,,,,
35175,92303020,Hydrocortisone sodium phosphate 100mg/1ml solution for injection ampoules,Hydrocortisone sodium phosphate,100mg/1ml,Solution for injection,Intralesional/Intramuscular/Intravenous,,,,,,,,
37638,92309020,Efcortesol 500mg/5ml solution for injection ampoules (AMCo),Hydrocortisone sodium phosphate,100mg/1ml,Solution for injection,Intramuscular/Intralesional/Intravenous,,,,,,,,
43355,92305020,Hydrocortisone sodium phosphate 500mg/5ml solution for injection ampoules,Hydrocortisone sodium phosphate,100mg/1ml,Solution for injection,Intramuscular/Intralesional/Intravenous,,,,,,,,
71905,54001021,Hydrocortisone sodium phosphate 100mg/1ml solution for injection ampoules (AMCo),Hydrocortisone sodium phosphate,100mg/1ml,Solution for injection,Intralesional/Intramuscular/Intravenous,,,,,,,,
2615,49217020,Efcortesol 100mg/ml Injection (Sovereign Medical Ltd),Hydrocortisone Sodium Phosphate,100mg/ml,Injection,Intravenous Injection,,,,,,,,
9574,63392020,Hydrocortisone na phosphate 100mg/ml Injection,Hydrocortisone Sodium Phosphate,100mg/ml,Injection,,,,,,,,,
49498,35237020,Hydrocortisone sodium succinate 100mg powder for solution for injection vials,Hydrocortisone sodium succinate,100mg,Powder for solution for injection,Intramuscular/Intravenous,,,,,,,,
49707,13778020,Hydrocortisone sodium succinate 100mg powder and solvent for solution for injection vials,Hydrocortisone sodium succinate,100mg,Powder and solvent for solution for injection,Intramuscular/Intravenous,,,,,,,,
51167,13779020,Solu-Cortef 100mg powder and solvent for solution for injection vials (Pfizer Ltd),Hydrocortisone sodium succinate,100mg,Powder and solvent for solution for injection,Intramuscular/Intravenous,,,,,,,,
54715,35238020,Solu-Cortef 100mg powder for solution for injection vials (Pfizer Ltd),Hydrocortisone sodium succinate,100mg,Powder for solution for injection,Intramuscular/Intravenous,,,,,,,,
3651,63381020,Solu-cortef 100mg/vial Injection (Pharmacia Ltd),Hydrocortisone Sodium Succinate,100mg/vial,Injection,Intravenous Injection,,,,,,,,
3754,57434020,Hydrocortisone na succinate 100mg/vial Injection,Hydrocortisone Sodium Succinate,100mg/vial,Injection,Intravenous Injection,,,,,,,,
13350,57435020,Hydrocortisone na succinate 500mg/vial Injection,Hydrocortisone Sodium Succinate,500mg/vial,Injection,,,,,,,,,
34166,54511020,Efcortelan soluble 50mg/ml Injection (Glaxo Laboratories Ltd),Hydrocortisone Sodium Succinate,50mg/ml,Injection,,,,,,,,,
925,56267020,Depo-medrone with lidocaine 40mg/ml+10mg/ml Injection (Pharmacia Ltd),Lidocaine Hydrochloride/Methylprednisolone Acetate,40mg/ml+10mg/ml,Injection,Periarticular Injection,,,,,,,,
4687,67851020,Methylprednisolone acetate with lidocaine 40mg/ml + 10mg/ml Injection,Lidocaine Hydrochloride/Methylprednisolone Acetate,40mg/ml + 10mg/ml,Injection,Periarticular Injection,,,,,,,,
2130,64573020,Methylprednisolone 4mg tablets,Methylprednisolone,4mg,Tablet,Oral,,,,,,,,
8261,64591020,Medrone 16mg tablets (Pfizer Ltd),Methylprednisolone,16mg,Tablet,Oral,,,,,,,,
10552,64574020,Methylprednisolone 16mg tablets,Methylprednisolone,16mg,Tablet,Oral,,,,,,,,
10683,64589020,Medrone 2mg tablets (Pfizer Ltd),Methylprednisolone,2mg,Tablet,Oral,,,,,,,,
10684,64572020,Methylprednisolone 2mg tablets,Methylprednisolone,2mg,Tablet,Oral,,,,,,,,
14172,56636020,Methylprednisolone 100mg tablets,Methylprednisolone,100mg,Tablet,Oral,,,,,,,,
15555,64590020,Medrone 4mg tablets (Pfizer Ltd),Methylprednisolone,4mg,Tablet,Oral,,,,,,,,
18042,56650020,Medrone 100mg tablets (Pfizer Ltd),Methylprednisolone,100mg,Tablet,Oral,,,,,,,,
71106,6596020,Depo-Medrone 40mg/1ml suspension for injection vials (Waymade Healthcare Plc),Methylprednisolone acetate,40mg/1ml,Suspension for injection,Intraarticular/Periarticular/Intrabursal/Intramuscular/Intralesional,,,,,,,,
1133,56264020,Depo-medrone 40mg/ml Injection (Pharmacia Ltd),Methylprednisolone Acetate,40mg/ml,Injection,Periarticular Injection,,,,,,,,
5493,64586020,Methylprednisolone acetate 40mg/ml Injection,Methylprednisolone Acetate,40mg/ml,Injection,Periarticular Injection,,,,,,,,
14982,92107020,Depo-Medrone 40mg/1ml suspension for injection vials (Pfizer Ltd),Methylprednisolone acetate,40mg/1ml,Suspension for injection,Intraarticular/Periarticular/Intrabursal/Intramuscular/Intralesional,,,,,,,,
27413,92109020,Depo-Medrone 80mg/2ml suspension for injection vials (Pfizer Ltd),Methylprednisolone acetate,40mg/1ml,Suspension for injection,Intraarticular/Periarticular/Intrabursal/Intramuscular/Intralesional,,,,,,,,
33132,92101020,Methylprednisolone acetate 40mg/1ml suspension for injection vials,Methylprednisolone acetate,40mg/1ml,Suspension for injection,Intraarticular/Periarticular/Intrabursal/Intramuscular/Intralesional,,,,,,,,
35040,92111020,Depo-Medrone 120mg/3ml suspension for injection vials (Pfizer Ltd),Methylprednisolone acetate,40mg/1ml,Suspension for injection,Intramuscular/Intraarticular/Periarticular/Intralesional/Intrabursal,,,,,,,,
35349,92103020,Methylprednisolone acetate 80mg/2ml suspension for injection vials,Methylprednisolone acetate,40mg/1ml,Suspension for injection,Intraarticular/Periarticular/Intrabursal/Intramuscular/Intralesional,,,,,,,,
35688,92105020,Methylprednisolone acetate 120mg/3ml suspension for injection vials,Methylprednisolone acetate,40mg/1ml,Suspension for injection,Intramuscular/Intraarticular/Periarticular/Intralesional/Intrabursal,,,,,,,,
48746,6598020,Depo-Medrone 40mg/1ml suspension for injection vials (Mawdsley-Brooks & Company Ltd),Methylprednisolone acetate,40mg/1ml,Suspension for injection,Intraarticular/Periarticular/Intrabursal/Intramuscular/Intralesional,,,,,,,,
48748,6597020,Depo-Medrone 40mg/1ml suspension for injection vials (Lexon (UK) Ltd),Methylprednisolone acetate,40mg/1ml,Suspension for injection,Intraarticular/Periarticular/Intrabursal/Intramuscular/Intralesional,,,,,,,,
48800,6599020,Depo-Medrone 40mg/1ml suspension for injection vials (DE Pharmaceuticals),Methylprednisolone acetate,40mg/1ml,Suspension for injection,Intraarticular/Periarticular/Intrabursal/Intramuscular/Intralesional,,,,,,,,
12405,64583020,Methylprednisolone sodium succinate 2g powder and solvent for solution for injection vials,Methylprednisolone sodium succinate,2gram,Powder and solvent for solution for injection,Intramuscular/Intravenous,,,,,,,,
13397,64582020,Methylprednisolone sodium succinate 1g powder and solvent for solution for injection vials,Methylprednisolone sodium succinate,1gram,Powder and solvent for solution for injection,Intramuscular/Intravenous,,,,,,,,
14188,64579020,Methylprednisolone sodium succinate 500mg powder and solvent for solution for injection vials,Methylprednisolone sodium succinate,500mg,Powder and solvent for solution for injection,Intramuscular/Intravenous,,,,,,,,
18266,72923020,Methylprednisolone sodium succinate 125mg powder and solvent for solution for injection vials,Methylprednisolone sodium succinate,125mg,Powder and solvent for solution for injection,Intramuscular/Intravenous,,,,,,,,
18765,64578020,Methylprednisolone sodium succinate 40mg powder and solvent for solution for injection vials,Methylprednisolone sodium succinate,40mg,Powder and solvent for solution for injection,Intramuscular/Intravenous,,,,,,,,
21540,56344020,Solu-Medrone 500mg powder and solvent for solution for injection vials (Pfizer Ltd),Methylprednisolone sodium succinate,500mg,Powder and solvent for solution for injection,Intramuscular/Intravenous,,,,,,,,
23511,56343020,Solu-Medrone 40mg powder and solvent for solution for injection vials (Pfizer Ltd),Methylprednisolone sodium succinate,40mg,Powder and solvent for solution for injection,Intramuscular/Intravenous,,,,,,,,
25226,72920020,Solu-Medrone 125mg powder and solvent for solution for injection vials (Pfizer Ltd),Methylprednisolone sodium succinate,125mg,Powder and solvent for solution for injection,Intramuscular/Intravenous,,,,,,,,
25839,56347020,Solu-Medrone 1g powder and solvent for solution for injection vials (Pfizer Ltd),Methylprednisolone sodium succinate,1gram,Powder and solvent for solution for injection,Intramuscular/Intravenous,,,,,,,,
2368,66161020,Prednisolone 2.5mg tablet,Prednisolone,2.5mg,Tablets,Oral,,,,,,,,
20095,58192020,Precortisyl forte 25mg Tablet (Aventis Pharma),Prednisolone,25mg,Tablet,Oral,,,,,,,,
23512,51209020,Precortisyl 5mg Tablet (Hoechst Marion Roussel),Prednisolone,5mg,Tablet,Oral,,,,,,,,
25272,51208020,Precortisyl 1mg Tablet (Hoechst Marion Roussel),Prednisolone,1mg,Tablet,Oral,,,,,,,,
27962,54004020,Deltastab 1mg Tablet (Waymade Healthcare Plc),Prednisolone,1mg,Tablet,Oral,,,,,,,,
28376,51722020,Prednisolone 2.5mg Gastro-resistant tablet (Biorex Laboratories Ltd),Prednisolone,2.5mg,Gastro-resistant tablet,Oral,,,,,,,,
28859,54005020,Deltastab 5mg Tablet (Waymade Healthcare Plc),Prednisolone,5mg,Tablet,Oral,,,,,,,,
33691,51723020,Prednisolone 5mg Gastro-resistant tablet (Biorex Laboratories Ltd),Prednisolone,5mg,Gastro-resistant tablet,Oral,,,,,,,,
33988,62621020,Prednisolone 5mg Tablet (Co-Pharma Ltd),Prednisolone,5mg,Tablet,Oral,,,,,,,,
33990,56243020,Prednisolone 5mg Tablet (IVAX Pharmaceuticals UK Ltd),Prednisolone,5mg,Tablet,Oral,,,,,,,,
34109,71489020,Prednisolone 5 mg gastro-resistant tablet,Prednisolone,5mg,Enteric Coated Tablets,Oral,,,,,,,,
34631,62620020,Prednisolone 1mg Tablet (Co-Pharma Ltd),Prednisolone,1mg,Tablet,Oral,,,,,,,,
34914,50404020,Prednisolone 1mg Tablet (Celltech Pharma Europe Ltd),Prednisolone,1mg,Tablet,Oral,,,,,,,,
38407,92115020,Prednisolone 20mg tablet,Prednisolone,20mg,Tablets,Oral,,,,,,,,
45302,51724020,Prednisolone 5mg Tablet (Biorex Laboratories Ltd),Prednisolone,5mg,Tablet,Oral,,,,,,,,
44,66163020,Prednisolone 5mg gastro-resistant tablets,Prednisolone,5mg,Gastro-resistant tablet,Oral,,,,,,,,
95,59234020,Prednisolone 5mg tablets,Prednisolone,5mg,Tablet,Oral,,,,,,,,
557,71488020,Prednisolone 2.5mg gastro-resistant tablets,Prednisolone,2.5mg,Gastro-resistant tablet,Oral,,,,,,,,
578,59233020,Prednisolone 1mg tablets,Prednisolone,1mg,Tablet,Oral,,,,,,,,
5490,53820020,Deltacortril 5mg gastro-resistant tablets (Alliance Pharmaceuticals Ltd),Prednisolone,5mg,Gastro-resistant tablet,Oral,,,,,,,,
5913,53819020,Deltacortril 2.5mg gastro-resistant tablets (Alliance Pharmaceuticals Ltd),Prednisolone,2.5mg,Gastro-resistant tablet,Oral,,,,,,,,
21417,50409020,Prednisolone 5mg tablets (A A H Pharmaceuticals Ltd),Prednisolone,5mg,Tablet,Oral,,,,,,,,
28375,50410020,Prednisolone 2.5mg gastro-resistant tablets (A A H Pharmaceuticals Ltd),Prednisolone,2.5mg,Gastro-resistant tablet,Oral,,,,,,,,
29333,50400020,Prednisolone 5mg tablets (Actavis UK Ltd),Prednisolone,5mg,Tablet,Oral,,,,,,,,
31532,54231020,Prednisolone 5mg gastro-resistant tablets (A A H Pharmaceuticals Ltd),Prednisolone,5mg,Gastro-resistant tablet,Oral,,,,,,,,
32803,50401020,Prednisolone 5mg gastro-resistant tablets (Actavis UK Ltd),Prednisolone,5mg,Gastro-resistant tablet,Oral,,,,,,,,
32835,51719020,Prednisolone 5mg tablets (Wockhardt UK Ltd),Prednisolone,5mg,Tablet,Oral,,,,,,,,
34393,54227020,Prednisolone 5mg gastro-resistant tablets (Teva UK Ltd),Prednisolone,5mg,Gastro-resistant tablet,Oral,,,,,,,,
34404,50399020,Prednisolone 1mg tablets (Actavis UK Ltd),Prednisolone,1mg,Tablet,Oral,,,,,,,,
34452,50408020,Prednisolone 1mg tablets (A A H Pharmaceuticals Ltd),Prednisolone,1mg,Tablet,Oral,,,,,,,,
34461,57098020,Prednisolone 2.5mg gastro-resistant tablets (Actavis UK Ltd),Prednisolone,2.5mg,Gastro-resistant tablet,Oral,,,,,,,,
34660,65523020,Prednisolone 1mg tablets (Kent Pharmaceuticals Ltd),Prednisolone,1mg,Tablet,Oral,,,,,,,,
34748,54228020,Prednisolone 1mg tablets (Teva UK Ltd),Prednisolone,1mg,Tablet,Oral,,,,,,,,
34781,65526020,Prednisolone 5mg tablets (Kent Pharmaceuticals Ltd),Prednisolone,5mg,Tablet,Oral,,,,,,,,
34978,51718020,Prednisolone 1mg tablets (Wockhardt UK Ltd),Prednisolone,1mg,Tablet,Oral,,,,,,,,
41515,55527020,Prednisolone 5mg tablets (Teva UK Ltd),Prednisolone,5mg,Tablet,Oral,,,,,,,,
51753,6607020,Prednisolone 1mg tablets (Strides Shasun (UK) Ltd),Prednisolone,1mg,Tablet,Oral,,,,,,,,
55480,6621020,Prednisolone 2.5mg gastro-resistant tablets (Alliance Pharmaceuticals Ltd),Prednisolone,2.5mg,Gastro-resistant tablet,Oral,,,,,,,,
56891,47496020,Prednisolone 1mg tablets (Waymade Healthcare Plc),Prednisolone,1mg,Tablet,Oral,,,,,,,,
58000,71574020,Prednisolone 5mg tablets (Almus Pharmaceuticals Ltd),Prednisolone,5mg,Tablet,Oral,,,,,,,,
58369,6612020,Prednisolone 5mg tablets (Boston Healthcare Ltd),Prednisolone,5mg,Tablet,Oral,,,,,,,,
58384,71571020,Prednisolone 1mg tablets (Almus Pharmaceuticals Ltd),Prednisolone,1mg,Tablet,Oral,,,,,,,,
58987,6627020,Prednisolone 5mg gastro-resistant tablets (Phoenix Healthcare Distribution Ltd),Prednisolone,5mg,Gastro-resistant tablet,Oral,,,,,,,,
59229,16434021,Dilacort 5mg gastro-resistant tablets (Auden McKenzie (Pharma Division) Ltd),Prednisolone,5mg,Gastro-resistant tablet,Oral,,,,,,,,
59283,16433021,Dilacort 2.5mg gastro-resistant tablets (Auden McKenzie (Pharma Division) Ltd),Prednisolone,2.5mg,Gastro-resistant tablet,Oral,,,,,,,,
59912,15685021,Prednisolone 5mg gastro-resistant tablets (Waymade Healthcare Plc),Prednisolone,5mg,Gastro-resistant tablet,Oral,,,,,,,,
60421,6613020,Prednisolone 5mg tablets (Strides Shasun (UK) Ltd),Prednisolone,5mg,Tablet,Oral,,,,,,,,
61132,6605020,Prednisolone 1mg tablets (Boston Healthcare Ltd),Prednisolone,1mg,Tablet,Oral,,,,,,,,
61162,47497020,Prednisolone 5mg tablets (Waymade Healthcare Plc),Prednisolone,5mg,Tablet,Oral,,,,,,,,
63066,46603021,Prednisolone 2.5mg tablets,Prednisolone,2.5mg,Tablet,Oral,,,,,,,,
63082,46605021,Prednisolone 20mg tablets,Prednisolone,20mg,Tablet,Oral,,,,,,,,
63172,46601021,Prednisolone 10mg tablets,Prednisolone,10mg,Tablet,Oral,,,,,,,,
64007,46602021,Pevanti 10mg tablets (AMCo),Prednisolone,10mg,Tablet,Oral,,,,,,,,
64008,46604021,Pevanti 2.5mg tablets (AMCo),Prednisolone,2.5mg,Tablet,Oral,,,,,,,,
64009,46606021,Pevanti 20mg tablets (AMCo),Prednisolone,20mg,Tablet,Oral,,,,,,,,
64128,44907021,Pevanti 5mg tablets (AMCo),Prednisolone,5mg,Tablet,Oral,,,,,,,,
66550,6622020,Prednisolone 5mg gastro-resistant tablets (Alliance Healthcare (Distribution) Ltd),Prednisolone,5mg,Gastro-resistant tablet,Oral,,,,,,,,
66914,67856021,Prednisolone 1mg gastro-resistant tablets,Prednisolone,1mg,Gastro-resistant tablet,Oral,,,,,,,,
67107,6628020,Prednisolone 5mg gastro-resistant tablets (Alliance Pharmaceuticals Ltd),Prednisolone,5mg,Gastro-resistant tablet,Oral,,,,,,,,
67507,69509021,Prednisolone 30mg tablets,Prednisolone,30mg,Tablet,Oral,,,,,,,,
68497,15684021,Prednisolone 2.5mg gastro-resistant tablets (Waymade Healthcare Plc),Prednisolone,2.5mg,Gastro-resistant tablet,Oral,,,,,,,,
69568,68380021,Dilacort 5mg gastro-resistant tablets (Crescent Pharma Ltd),Prednisolone,5mg,Gastro-resistant tablet,Oral,,,,,,,,
69811,69510021,Prednisolone 30mg tablets (Actavis UK Ltd),Prednisolone,30mg,Tablet,Oral,,,,,,,,
72421,70522021,Prednisolone 1mg gastro-resistant tablets (A A H Pharmaceuticals Ltd),Prednisolone,1mg,Gastro-resistant tablet,Oral,,,,,,,,
73553,6601020,Prednisolone 1mg tablets (Alliance Healthcare (Distribution) Ltd),Prednisolone,1mg,Tablet,Oral,,,,,,,,
73678,53567021,Prednisolone 5mg gastro-resistant tablets (DE Pharmaceuticals),Prednisolone,5mg,Gastro-resistant tablet,Oral,,,,,,,,
53313,33911020,Prednisolone 20mg/5ml oral suspension,Prednisolone,4mg/1ml,Oral suspension,Oral,,,,,,,,
54118,33915020,Prednisolone 25mg/5ml oral suspension,Prednisolone,5mg/1ml,Oral suspension,Oral,,,,,,,,
54434,33907020,Prednisolone 2.5mg/5ml oral suspension,Prednisolone,500microgram/1ml,Oral suspension,Oral,,,,,,,,
58234,11087020,Prednisolone 10mg/5ml oral solution,Prednisolone,2mg/1ml,Oral solution,Oral,,,,,,,,
59338,33901020,Prednisolone 1mg/5ml oral solution,Prednisolone,200microgram/1ml,Oral solution,Oral,,,,,,,,
64221,11092020,Prednisolone 5mg/5ml oral suspension,Prednisolone,1mg/1ml,Oral suspension,Oral,,,,,,,,
64416,53121021,Prednisolone 10mg/ml oral solution sugar free,Prednisolone,10mg/1ml,Oral solution,Oral,,,,,,,,
65020,33913020,Prednisolone 25mg/5ml oral solution,Prednisolone,5mg/1ml,Oral solution,Oral,,,,,,,,
65626,33899020,Prednisolone 10mg/5ml oral suspension,Prednisolone,2mg/1ml,Oral suspension,Oral,,,,,,,,
67076,33909020,Prednisolone 20mg/5ml oral solution,Prednisolone,4mg/1ml,Oral solution,Oral,,,,,,,,
73294,33905020,Prednisolone 2.5mg/5ml oral solution,Prednisolone,500microgram/1ml,Oral solution,Oral,,,,,,,,
74239,10956020,Prednisolone 15mg/5ml oral solution,Prednisolone,3mg/1ml,Oral solution,Oral,,,,,,,,
2704,66162020,Prednisolone 25mg tablets,Prednisolone,25mg,Tablet,Oral,,,,,,,,
41745,64355020,Prednisolone 25mg tablets (Zentiva),Prednisolone,25mg,Tablet,Oral,,,,,,,,
53336,6634020,Prednisolone 25mg tablets (A A H Pharmaceuticals Ltd),Prednisolone,25mg,Tablet,Oral,,,,,,,,
69686,44908021,Pevanti 25mg tablets (AMCo),Prednisolone,25mg,Tablet,Oral,,,,,,,,
1063,51216020,Prednesol 5mg Tablet (Sovereign Medical Ltd),Prednisolone sodium phosphate,5mg,Soluble tablet,Oral,,,,,,,,
47142,78430020,Prednisolone 5mg Soluble tablet (Amdipharm Plc),Prednisolone sodium phosphate,5mg,Soluble tablet,Oral,,,,,,,,
955,74386020,Prednisolone 5mg soluble tablets,Prednisolone sodium phosphate,5mg,Soluble tablet,Oral,,,,,,,,
19141,61726020,Prednisolone 5mg soluble tablets (AMCo),Prednisolone sodium phosphate,5mg,Soluble tablet,Oral,,,,,,,,
61689,6630020,Prednisolone 5mg soluble tablets (A A H Pharmaceuticals Ltd),Prednisolone sodium phosphate,5mg,Soluble tablet,Oral,,,,,,,,
63214,6629020,Prednisolone 5mg soluble tablets (Alliance Healthcare (Distribution) Ltd),Prednisolone sodium phosphate,5mg,Soluble tablet,Oral,,,,,,,,
70603,48867021,Prednisolone 5mg soluble tablets (Focus Pharmaceuticals Ltd),Prednisolone sodium phosphate,5mg,Soluble tablet,Oral,,,,,,,,
74493,73875021,Prednisolone 5mg soluble tablets (Actavis UK Ltd),Prednisolone sodium phosphate,5mg,Soluble tablet,Oral,,,,,,,,
24224,57954020,Codelsol 16mg/ml Injection (MSD Thomas Morson Pharmaceuticals),Prednisolone Sodium Phosphate,16mg/ml,Injection,,,,,,,,,
3345,51562020,Sintisone Tablet (Pharmacia Ltd),Prednisolone Steaglate,,Tablet,Oral,,,,,,,,
31327,66166020,Prednisolone steaglate 6.65mg tablet,Prednisolone Steaglate,6.65mg,Tablets,Oral,,,,,,,,
2949,59229020,Prednisone 5mg tablets,Prednisone,5mg,Tablet,Oral,,,,,,,,
3557,59228020,Prednisone 1mg tablets,Prednisone,1mg,Tablet,Oral,,,,,,,,
44380,98889020,Prednisone 1mg modified-release tablets,Prednisone,1mg,Modified-release tablet,Oral,,,,,,,,
44723,98893020,Prednisone 5mg modified-release tablets,Prednisone,5mg,Modified-release tablet,Oral,,,,,,,,
44802,98899020,Lodotra 5mg modified-release tablets (Napp Pharmaceuticals Ltd),Prednisone,5mg,Modified-release tablet,Oral,,,,,,,,
44803,98897020,Lodotra 2mg modified-release tablets (Napp Pharmaceuticals Ltd),Prednisone,2mg,Modified-release tablet,Oral,,,,,,,,
46711,98891020,Prednisone 2mg modified-release tablets,Prednisone,2mg,Modified-release tablet,Oral,,,,,,,,
54432,98895020,Lodotra 1mg modified-release tablets (Napp Pharmaceuticals Ltd),Prednisone,1mg,Modified-release tablet,Oral,,,,,,,,
58061,9811020,Prednisone 50mg tablets,Prednisone,50mg,Tablet,Oral,,,,,,,,
21833,48880020,Decortisyl 5mg Tablet (Roussel Laboratories Ltd),Prednisone,5mg,Tablet,Oral,,,,,,,,
43544,51727020,Prednisone 5mg Tablet (Knoll Ltd),Prednisone,5mg,Tablet,Oral,,,,,,,,
62656,51888020,Prednisone 5mg Tablet (Hillcross Pharmaceuticals Ltd),Prednisone,5mg,Tablet,Oral,,,,,,,,
22047,91324020,Kenalog Intramuscular 80mg/2ml suspension for injection pre-filled syringes (Bristol-Myers Squibb Pharmaceuticals Ltd),Triamcinolone acetonide,40mg/1ml,Suspension for injection,Intramuscular,,,,,,,,
50216,6637020,Kenalog Intramuscular 40mg/1ml suspension for injection pre-filled syringes (Bristol-Myers Squibb Pharmaceuticals Ltd),Triamcinolone acetonide,40mg/1ml,Suspension for injection,Intramuscular,,,,,,,,
15617,54732020,Ledercort 4mg Tablet (Wyeth Pharmaceuticals),Triamcinolone Acetonide,4mg,Tablet,Oral,,,,,,,,
19908,67163020,Triamcinolone 2mg Tablet,Triamcinolone Acetonide,2mg,Tablet,Oral,,,,,,,,
23111,67164020,Triamcinolone 4mg Tablet,Triamcinolone Acetonide,4mg,Tablet,Oral,,,,,,,,
24014,54731020,Ledercort 2mg Tablet (Wyeth Pharmaceuticals),Triamcinolone Acetonide,2mg,Tablet,Oral,,,,,,,,
768,56622020,Kenalog 40mg/ml Injection (E R Squibb and Sons Ltd),Triamcinolone Acetonide,40mg/ml,Injection,Intramuscular Deep Injection Gluteal Muscle,,,,,,,,
3703,56623020,Kenalog 80mg/2ml Intramuscular injection (E R Squibb and Sons Ltd),Triamcinolone Acetonide,80mg/2ml,Intramuscular Injection,Intramuscular Deep Injection Gluteal Muscle,,,,,,,,
4123,50024020,Kenalog 40mg/ml Intraarticular injection (E R Squibb and Sons Ltd),Triamcinolone Acetonide,40mg/ml,Intraarticular Injection,Intra-articular Injection,,,,,,,,
4125,67172020,Triamcinolone acetonide 80mg/2ml intramuscular injection,Triamcinolone Acetonide,80mg/2ml,Im Injection,,,,,,,,,
4488,67171020,Triamcinolone acetonide 40mg/ml IA/IM,Triamcinolone Acetonide,40mg/ml,Intra-articular / Intramuscular Injection,,,,,,,,,
16582,91308020,Triamcinolone acetonide 40mg/ml suspension for injection,Triamcinolone Acetonide,40mg/ml,Injection Suspension,Tendon Sheath Injection,,,,,,,,
16583,91322020,Kenalog Intra-articular / Intramuscular 40mg/1ml suspension for injection vials (Bristol-Myers Squibb Pharmaceuticals Ltd),Triamcinolone acetonide,40mg/1ml,Suspension for injection,Intravitreal/Intraarticular/Intramuscular,,,,,,,,
30244,67173020,Triamcinolone acetonide 40mg/ml injection,Triamcinolone Acetonide,40mg/ml,Injection,,,,,,,,,
37737,56624020,Kenalog 40mg/ml Injection (E R Squibb and Sons Ltd),Triamcinolone Acetonide,40mg/ml,Injection,Intramuscular Deep Injection Gluteal Muscle,,,,,,,,
48406,11073020,Triamcinolone acetonide 40mg/1ml suspension for injection vials,Triamcinolone acetonide,40mg/1ml,Suspension for injection,Intravitreal/Intraarticular/Intramuscular,,,,,,,,
24834,3421007,ADCORTYL 4 MG TAB,,,,,,,,,,,,
27893,!0066101,ADCORTYL IN ORABASE,,,,,,,,,,,,
21438,6196007,ADCORTYL SPR,,,,,,,,,,,,
4306,6378007,BECLOMETHASONE DIPROPRIONATE CART 100 MCG,,,,,,,,,,,,
7576,6379007,BECLOMETHASONE DIPROPRIONATE CART 200 MCG,,,,,,,,,,,,
21465,6354007,BETAMETHASONE .1 MG TAB,,,,,,,,,,,,
23788,2796007,CORTISONE ACETATE 2.5 MG TAB,,,,,,,,,,,,
7480,2795007,CORTISONE ACETATE 25 MG INJ,,,,,,,,,,,,
33639,5557007,CORTISONE ACETATE MSD 25 MG TAB,,,,,,,,,,,,
36686,5129007,CORTISONE ACETATE MSD 5 MG TAB,,,,,,,,,,,,
30736,5875007,CORTISTAB 25 MG INJ,,,,,,,,,,,,
30971,3368007,DECORTISYL 25 MG TAB,,,,,,,,,,,,
17101,3817007,DEXAMETHASONE 750 MCG TAB,,,,,,,,,,,,
3969,3818007,DEXAMETHASONE 8 MG TAB,,,,,,,,,,,,
8752,2658007,EFCORTELAN 100 MG INJ,,,,,,,,,,,,
10704,3782007,EFCORTELAN 25 MG INJ,,,,,,,,,,,,
15595,3754007,FLUDROCORTISONE .05 MG SUS,,,,,,,,,,,,
21077,2547007,FLUDROCORTISONE 20 MCG TAB,,,,,,,,,,,,
8165,3341007,FLUDROCORTISONE 25 MCG TAB,,,,,,,,,,,,
21056,2548007,FLUDROCORTISONE 75 MCG TAB,,,,,,,,,,,,
2470,4973007,FLUDROCORTISONE ACETATE 100 MCG TAB,,,,,,,,,,,,
30970,3326007,GESTONE 10 MG TAB,,,,,,,,,,,,
3843,2484007,GESTONE 100 MG INJ,,,,,,,,,,,,
10815,2485007,GESTONE 25 MG TAB,,,,,,,,,,,,
4257,3319007,HYDROCORTISONE 100 MG INJ,,,,,,,,,,,,
15471,2416007,HYDROCORTISONE 25 MG TAB,,,,,,,,,,,,
3788,3729007,HYDROCORTISONE I/V 100 MG INJ,,,,,,,,,,,,
27951,3677007,MEDROXYPROGESTERONE ACETATE 200 MG/ML INJ,,,,,,,,,,,,
9117,2260007,METHYLPREDNISOLONE 40 MG/ML INJ,,,,,,,,,,,,
28615,2259007,METHYLPREDNISOLONE L/A 4 MG CAP,,,,,,,,,,,,
2181,2254007,METHYLPREDNISOLONE/LIGNOCAINE HCL (1ML) 40 MG/ML INJ,,,,,,,,,,,,
17797,3668007,METHYLPREDNISOLONE/LIGNOCAINE HCL (2ML) 40 MG/ML INJ,,,,,,,,,,,,
37363,6604007,METHYLTESTOSTERONE 1 MG TAB,,,,,,,,,,,,
27889,!5795110,PREDNISOLONE,,,,,,,,,,,,
27959,!5795111,PREDNISOLONE,,,,,,,,,,,,
2799,4507007,PREDNISOLONE 10 MG TAB,,,,,,,,,,,,
7710,3588007,PREDNISOLONE 15 MG TAB,,,,,,,,,,,,
13522,4506007,PREDNISOLONE 2 MG TAB,,,,,,,,,,,,
7584,3255007,PREDNISOLONE 4 MG TAB,,,,,,,,,,,,
3059,3590007,PREDNISOLONE 50 MG TAB,,,,,,,,,,,,
2390,4515007,PREDNISOLONE E/C 1 MG TAB,,,,,,,,,,,,
27428,2055007,PREDNISOLONE SODIUM PHOSPHATE 16 MG INJ,,,,,,,,,,,,
13615,2057007,PREDNISONE 10 MG TAB,,,,,,,,,,,,
2044,3256007,PREDNISONE 2.5 MG TAB,,,,,,,,,,,,
7934,2056007,PREDNISONE 30 MG TAB,,,,,,,,,,,,
16724,3589007,PREDNISONE 50 MG TAB,,,,,,,,,,,,
8022,4512007,PREDSOL 5 MG TAB,,,,,,,,,,,,
3844,2043007,PROGESTERONE 100 MG INJ,,,,,,,,,,,,
10682,3248007,PROGESTERONE B.P IMPLANT 100 MG,,,,,,,,,,,,
23118,5440007,TRIAMCINOLONE 10 MG INJ,,,,,,,,,,,,
19562,!1756101,DEPO-MEDRONE (1ML),,,,,,,,,,,,
26691,!1756102,DEPO-MEDRONE (2ML),,,,,,,,,,,,
25077,!1756108,DEPO-MEDRONE 40MG/ML (3ML),,,,,,,,,,,,
26667,!1756301,DEPO-MEDRONE WITH LIDOCAINE (1ML),,,,,,,,,,,,
7405,92071020,Depo-Medrone with Lidocaine suspension for injection 1ml vials (Pfizer Ltd),Methylprednisolone acetate/Lidocaine hydrochloride,40mg/1ml + 10mg/1ml,Suspension for injection,Intraarticular/Intrabursal/Periarticular,10010202,Local Corticosteroid Injections,,,,,,
15016,67195020,Triamcinolone hexacetonide 5mg/ml Injection,Triamcinolone Hexacetonide,5mg/ml,Injection,,10010202,Local Corticosteroid Injections,,,,,,
8108,69573020,Hydrocortisone acetate 25mg/1ml suspension for injection ampoules,Hydrocortisone acetate,25mg/1ml,Suspension for injection,Intraarticular/Periarticular,10010202,Local Corticosteroid Injections,,,,,,
16815,76038020,Triamcinolone hexacetonide 20mg/ml Injection,Benzyl Alcohol/Triamcinolone Hexacetonide,20mg/ml,Injection,,10010202,Local Corticosteroid Injections,,,,,,
8864,48034020,Adcortyl 10mg/ml Intraarticular / intradermal injection (E R Squibb and Sons Ltd),Triamcinolone Acetonide,10mg/ml,Intraarticular / Intradermal Injection,Intradermal Injection,10010202,Local Corticosteroid Injections,,,,,,
9368,55104020,Triamcinolone acetonide 10mg/ml IA/ID,Triamcinolone Acetonide,10mg/ml,Intra-articular / Intradermal Injection,,10010202,Local Corticosteroid Injections,,,,,,
11123,50911020,Triamcinolone acetonide 10mg/ml IA/ID,Triamcinolone Acetonide,10mg/ml,Intra-articular / Intradermal Injection,,10010202,Local Corticosteroid Injections,,,,,,
20157,92063020,Depo-Medrone with Lidocaine suspension for injection 2ml vials (Pfizer Ltd),Lidocaine hydrochloride/Methylprednisolone acetate,10mg/1ml + 40mg/1ml,Suspension for injection,Intraarticular/Intrabursal/Periarticular,10010202,Local Corticosteroid Injections,,,,,,
35154,92059020,Methylprednisolone 80mg/2ml / Lidocaine 20mg/2ml (1%) suspension for injection vials,Lidocaine hydrochloride/Methylprednisolone acetate,10mg/1ml + 40mg/1ml,Suspension for injection,Intraarticular/Intrabursal/Periarticular,10010202,Local Corticosteroid Injections,,,,,,
35156,92067020,Methylprednisolone 40mg/1ml / Lidocaine 10mg/1ml (1%) suspension for injection vials,Methylprednisolone acetate/Lidocaine hydrochloride,40mg/1ml + 10mg/1ml,Suspension for injection,Intraarticular/Intrabursal/Periarticular,10010202,Local Corticosteroid Injections,,,,,,
13981,48035020,Adcortyl 10mg/ml Intradermal injection (E R Squibb and Sons Ltd),Triamcinolone Acetonide,10mg/ml,Intradermal Injection,Intradermal Injection,10010202,Local Corticosteroid Injections,,,,,,
49076,6590020,Depo-Medrone with Lidocaine suspension for injection 1ml vials (Lexon (UK) Ltd),Methylprednisolone acetate/Lidocaine hydrochloride,40mg/1ml + 10mg/1ml,Suspension for injection,Intraarticular/Intrabursal/Periarticular,10010202,Local Corticosteroid Injections,,,,,,
50253,6592020,Depo-Medrone with Lidocaine suspension for injection 1ml vials (DE Pharmaceuticals),Methylprednisolone acetate/Lidocaine hydrochloride,40mg/1ml + 10mg/1ml,Suspension for injection,Intraarticular/Intrabursal/Periarticular,10010202,Local Corticosteroid Injections,,,,,,
50734,6591020,Depo-Medrone with Lidocaine suspension for injection 1ml vials (Mawdsley-Brooks & Company Ltd),Methylprednisolone acetate/Lidocaine hydrochloride,40mg/1ml + 10mg/1ml,Suspension for injection,Intraarticular/Intrabursal/Periarticular,10010202,Local Corticosteroid Injections,,,,,,
66867,26696021,Triamcinolone hexacetonide 20mg/1ml suspension for injection ampoules,Triamcinolone hexacetonide,20mg/1ml,Suspension for injection,Intraarticular/Periarticular,10010202,Local Corticosteroid Injections,,,,,,
35578,91304020,Triamcinolone acetonide 50mg/5ml suspension for injection vials,Triamcinolone acetonide,10mg/1ml,Suspension for injection,Intraarticular/Intradermal,10010202,Local Corticosteroid Injections,,,,,,
14962,91320020,Adcortyl Intra-articular / Intradermal 50mg/5ml suspension for injection vials (Bristol-Myers Squibb Pharmaceuticals Ltd),Triamcinolone acetonide,10mg/1ml,Suspension for injection,Intraarticular/Intradermal,10010202,Local Corticosteroid Injections,,,,,,
14958,91302020,Triamcinolone acetonide 10mg/1ml suspension for injection ampoules,Triamcinolone acetonide,10mg/1ml,Suspension for injection,Intrabursal/Intraarticular/Intradermal,10010202,Local Corticosteroid Injections,,,,,,
14335,91318020,Adcortyl Intra-articular / Intradermal 10mg/1ml suspension for injection ampoules (Bristol-Myers Squibb Pharmaceuticals Ltd),Triamcinolone acetonide,10mg/1ml,Suspension for injection,Intrabursal/Intraarticular/Intradermal,10010202,Local Corticosteroid Injections,,,,,,
57856,14130020,Triamcinolone hexacetonide 20mg/1ml suspension for injection vials,Triamcinolone hexacetonide,20mg/1ml,Suspension for injection,Intraarticular,0,Unknown,,,,,,
50854,10289020,Lederspan 100mg/5ml suspension for injection vials (Wyeth Pharmaceuticals),Triamcinolone hexacetonide,20mg/1ml,Suspension for injection,Intraarticular,0,Unknown,,,,,,
33131,91316020,Triamcinolone acetonide 80mg/2ml suspension for injection pre-filled syringes,Triamcinolone acetonide,40mg/1ml,Suspension for injection,Intramuscular,0,Unknown,,,,,,
50853,14131020,Lederspan 20mg/1ml suspension for injection vials (Wyeth Pharmaceuticals),Triamcinolone hexacetonide,20mg/1ml,Suspension for injection,Intraarticular,0,Unknown,,,,,,
7992,50153020,Lederspan 5mg/ml Injection (Wyeth Pharmaceuticals),Triamcinolone Hexacetonide,5mg/ml,Injection,Intralesional Injection,10010202,Local Corticosteroid Injections,,,,,,
9026,50154020,Lederspan 20mg/ml Injection (Wyeth Pharmaceuticals),Benzyl Alcohol/Triamcinolone Hexacetonide,20mg/ml,Injection,Intra-articular Injection,10010202,Local Corticosteroid Injections,,,,,,
8306,66172020,Prednisolone 25mg/1ml suspension for injection ampoules,Prednisolone acetate,25mg/1ml,Suspension for injection,Intraarticular/Intramuscular/Periarticular,08020200/10010201/10010202,Corticosteroids And Other Immunosuppressants/Systemic Corticosteroids (in Musculoskeletal And Joint Conditions)/Local Corticosteroid Injections,,,,,,
18660,54091020,Deltastab 25mg/1ml suspension for injection ampoules (AMCo),Prednisolone acetate,25mg/1ml,Suspension for injection,Intraarticular/Intramuscular/Periarticular,08020200/10010201/10010202,Corticosteroids And Other Immunosuppressants/Systemic Corticosteroids (in Musculoskeletal And Joint Conditions)/Local Corticosteroid Injections,,,,,,
70893,78467021,Dexamethasone 40mg tablets,Dexamethasone,40mg,Tablet,Oral,8020200,Corticosteroids And Other Immunosuppressants,,,,,,
1893,49867020,Hydrocortistab 25mg/1ml suspension for injection ampoules (AMCo),Hydrocortisone acetate,25mg/1ml,Suspension for injection,Intraarticular/Periarticular,10010202,Local Corticosteroid Injections,,,,,,