drugcode,bnfcode1,bnfcode2,bnfcode3,genericname,formulation,strength,units,status,hospitalonly,nhsflag,atc,,
93645992,06.03.02.00,00.00.00.00,00.00.00.00,Betamethasone .1 mg tab,,0.1,mg,L,1,0,,,
94176998,06.03.02.00,00.00.00.00,00.00.00.00,Betamethasone 4mg/1ml solution for injection ampoules,injection,4,mg/1mL,L,1,0,H02A B01,,
98395998,06.03.02.00,00.00.00.00,00.00.00.00,Betamethasone 4mg/1ml solution for injection ampoules,injection,4,mg/1mL,D,1,0,H02A B01,,
99890998,06.03.02.00,00.00.00.00,00.00.00.00,Betamethasone 500mcg tablets,tablets,500,mcg,D,1,0,H02A B01,,
93647992,06.03.02.00,00.00.00.00,00.00.00.00,Betamethasone 500microgram soluble tablets sugar free,soluble tablets,500,mcg,L,1,0,H02A B01,,
98394998,06.03.02.00,00.00.00.00,00.00.00.00,Betamethasone 500microgram soluble tablets sugar free,soluble tablets,500,mcg,D,1,0,H02A B01,,
55590979,06.03.02.00,00.00.00.00,00.00.00.00,Betamethasone 500microgram soluble tablets sugar free,soluble tablets,500,mcg,L,1,0,H02A B01,,
92861998,06.03.02.00,00.00.00.00,00.00.00.00,Betamethasone 500microgram soluble tablets sugar free,soluble tablets,500,mcg,L,1,0,H02A B01,,
93435979,06.03.02.00,00.00.00.00,00.00.00.00,Betamethasone 500microgram soluble tablets sugar free,soluble tablets,500,mcg,D,1,0,H02A B01,,
95967998,06.03.02.00,00.00.00.00,00.00.00.00,Betamethasone 500microgram tablets,tablets,500,mcg,L,1,0,H02A B01,,
93643992,06.03.02.00,00.00.00.00,00.00.00.00,Betamethasone valerate .1 mg tab,,0.1,mg,L,1,0,,,
92781990,06.03.02.00,00.00.00.00,00.00.00.00,Cortisone 25mg tablets,tablets,25,mg,L,1,0,H02A B10,,
94442992,06.03.02.00,00.00.00.00,00.00.00.00,Cortisone 25mg tablets,tablets,25,mg,L,1,0,H02A B10,,
96603997,06.03.02.00,00.00.00.00,00.00.00.00,Cortisone 25mg tablets,tablets,25,mg,L,1,0,H02A B10,,
87704998,06.03.02.00,00.00.00.00,00.00.00.00,Cortisone 5mg capsules,tablets,5,mg,D,1,0,H02A B10,,
97203992,06.03.02.00,00.00.00.00,00.00.00.00,Cortisone acetate 2.5 mg tab,,2.5,mg,L,1,0,,,
97204992,06.03.02.00,00.00.00.00,00.00.00.00,Cortisone acetate 25 mg inj,,25,mg,L,1,0,,,
99802998,06.03.02.00,00.00.00.00,00.00.00.00,Cortisone acetate 25mg tablets,tablets,25,mg,D,1,0,H02A B10,,
99803997,06.03.02.00,00.00.00.00,00.00.00.00,Cortisone acetate 25mg tablets,tablets,25,mg,D,1,0,H02A B10,,
99804998,06.03.02.00,00.00.00.00,00.00.00.00,Cortisone acetate 25mg tablets,tablets,25,mg,D,1,0,H02A B10,,
96603998,06.03.02.00,00.00.00.00,00.00.00.00,Cortisone acetate 5mg tablets,tablets,5,mg,D,1,0,H02A B10,,
99803998,06.03.02.00,00.00.00.00,00.00.00.00,Cortisone acetate 5mg tablets,tablets,5,mg,D,1,0,H02A B10,,
94870992,06.03.02.00,00.00.00.00,00.00.00.00,Cortisone acetate msd 5 mg tab,tablets,5,mg,D,1,0,H02A B10,,
96631992,06.03.02.00,00.00.00.00,00.00.00.00,Decortisyl 25 mg tab,,25,mg,L,1,0,,,
89443996,06.03.02.00,00.00.00.00,00.00.00.00,Deflazacort 1mg tablets,tablets,1,mg,D,1,0,H02A B13,,
89446996,06.03.02.00,00.00.00.00,00.00.00.00,Deflazacort 1mg tablets,tablets,1,mg,L,1,0,H02A B13,,
29680978,00.00.00.00,00.00.00.00,00.00.00.00,Deflazacort 22.75mg/1ml oral suspension,,,,L,1,0,,,
89443997,06.03.02.00,00.00.00.00,00.00.00.00,Deflazacort 30mg tablets,tablets,30,mg,D,1,0,H02A B13,,
89446997,06.03.02.00,00.00.00.00,00.00.00.00,Deflazacort 30mg tablets,tablets,30,mg,D,1,0,H02A B13,,
82607998,06.03.02.00,00.00.00.00,00.00.00.00,Deflazacort 6mg tablets,tablets,6,mg,L,1,0,H02A B13,,
89443998,06.03.02.00,00.00.00.00,00.00.00.00,Deflazacort 6mg tablets,tablets,6,mg,L,1,0,H02A B13,,
89446998,06.03.02.00,00.00.00.00,00.00.00.00,Deflazacort 6mg tablets,tablets,6,mg,L,1,0,H02A B13,,
96629992,06.03.02.00,00.00.00.00,00.00.00.00,Delta phoricol tab,,,,L,1,0,,,
97245992,06.03.01.00,00.00.00.00,00.00.00.00,Deoxycortone pivalate 25 mg inj,,25,mg,L,1,0,,,
94908992,06.03.02.00,00.00.00.00,00.00.00.00,Dexacortisyl 2 mg tab,,2,mg,L,1,0,,,
94907992,00.00.00.00,00.00.00.00,00.00.00.00,Dexamethasone .5 mg inh,,0.5,mg,L,1,0,,,
70228979,00.00.00.00,00.00.00.00,00.00.00.00,Dexamethasone 1.5mg/5ml oral solution,,,,L,1,0,,,
97493998,06.03.02.00,00.00.00.00,00.00.00.00,Dexamethasone 100mg/5ml injection,injection,100,mg/5mL,D,1,0,H02A B02,,
93867997,06.03.02.00,00.00.00.00,00.00.00.00,Dexamethasone 100mg/5ml solution for injection vials,injection,120,mg/5mL,D,1,0,H02A B02,,
85515998,23.00.00.00,00.00.00.00,00.00.00.00,Dexamethasone 100microgram capsules,,,,L,1,0,,,
73299978,00.00.00.00,00.00.00.00,00.00.00.00,Dexamethasone 10mg capsules,,,,L,1,0,,,
76362978,06.03.02.00,00.00.00.00,00.00.00.00,Dexamethasone 10mg/5ml oral solution,oral solution,10,mg/5mL,L,1,0,H02A B02,,
70224979,00.00.00.00,00.00.00.00,00.00.00.00,Dexamethasone 10mg/5ml oral suspension,,,,L,1,0,,,
70214979,00.00.00.00,00.00.00.00,00.00.00.00,Dexamethasone 16mg/5ml oral solution,,,,L,1,0,,,
80402979,00.00.00.00,00.00.00.00,00.00.00.00,Dexamethasone 1mg/5ml oral solution,,,,L,1,0,,,
53376978,00.00.00.00,00.00.00.00,00.00.00.00,Dexamethasone 20mg/5ml oral solution sugar free,,,,L,1,0,,,
96429998,06.03.02.00,00.00.00.00,00.00.00.00,Dexamethasone 20mg/ml shock pack,injection,100,mg/5mL,D,1,0,H02A B02,,
37788978,00.00.00.00,00.00.00.00,00.00.00.00,Dexamethasone 2mg soluble tablets sugar free,,,,L,1,0,,,
34081978,06.03.02.00,00.00.00.00,00.00.00.00,Dexamethasone 2mg tablets,tablets,2,mg,L,1,0,H02A B02,,
93098990,06.03.02.00,00.00.00.00,00.00.00.00,Dexamethasone 2mg tablets,tablets,2,mg,L,1,0,H02A B02,,
93426979,06.03.02.00,00.00.00.00,00.00.00.00,Dexamethasone 2mg tablets,tablets,2,mg,L,1,0,H02A B02,,
93427979,06.03.02.00,00.00.00.00,00.00.00.00,Dexamethasone 2mg tablets,tablets,2,mg,L,1,0,H02A B02,,
93429979,06.03.02.00,00.00.00.00,00.00.00.00,Dexamethasone 2mg tablets,tablets,2,mg,L,1,0,H02A B02,,
96431997,06.03.02.00,00.00.00.00,00.00.00.00,Dexamethasone 2mg tablets,tablets,2,mg,L,1,0,H02A B02,,
97243992,06.03.02.00,00.00.00.00,00.00.00.00,Dexamethasone 2mg tablets,tablets,2,mg,L,1,0,H02A B02,,
98644989,06.03.02.00,00.00.00.00,00.00.00.00,Dexamethasone 2mg tablets,tablets,2,mg,L,1,0,H02A B02,,
98724997,06.03.02.00,00.00.00.00,00.00.00.00,Dexamethasone 2mg tablets,tablets,2,mg,D,1,0,H02A B02,,
52504979,06.03.02.00,00.00.00.00,00.00.00.00,Dexamethasone 2mg/5ml oral solution,sugar free oral solution,2,mg/5mL,L,1,0,H02A B02,,
70202979,06.03.02.00,00.00.00.00,00.00.00.00,Dexamethasone 2mg/5ml oral solution,sugar free oral solution,2,mg/5mL,L,1,0,H02A B02,,
92810998,06.03.02.00,00.00.00.00,00.00.00.00,Dexamethasone 2mg/5ml oral solution,sugar free oral solution,2,mg/5mL,L,1,0,H02A B02,,
93423979,06.03.02.00,00.00.00.00,00.00.00.00,Dexamethasone 2mg/5ml oral solution,sugar free oral solution,2,mg/5mL,L,1,0,H02A B02,,
98072990,06.03.02.00,00.00.00.00,00.00.00.00,Dexamethasone 2mg/5ml oral solution,sugar free oral solution,2,mg/5mL,L,1,0,H02A B02,,
70200979,06.03.02.00,00.00.00.00,00.00.00.00,Dexamethasone 2mg/5ml oral solution sugar free,liquid,2,mg/5mL,L,1,0,H02A B02,,
91646998,06.03.02.00,00.00.00.00,00.00.00.00,Dexamethasone 2mg/5ml oral solution sugar free,sugar free oral solution,2,mg/5mL,L,1,0,H02A B02,,
92810997,06.03.02.00,00.00.00.00,00.00.00.00,Dexamethasone 2mg/5ml oral solution sugar free,liquid,2,mg/5mL,L,1,0,H02A B02,,
85184998,06.03.02.00,00.00.00.00,00.00.00.00,Dexamethasone 3.3mg/1ml solution for injection ampoules,injection,3.3,mg/mL,L,1,0,H02A B02,,
91801990,06.03.02.00,00.00.00.00,00.00.00.00,Dexamethasone 3.3mg/1ml solution for injection ampoules,injection,6.6,mg/2mL,L,1,0,H02A B02,,
59408978,06.03.02.00,00.00.00.00,00.00.00.00,Dexamethasone 3.8mg/1ml solution for injection vials,injection,3.8,mg/mL,L,1,0,H02A B02,,
70198979,00.00.00.00,00.00.00.00,00.00.00.00,Dexamethasone 3mg/5ml oral solution,,,,L,1,0,,,
70196979,00.00.00.00,00.00.00.00,00.00.00.00,Dexamethasone 3mg/5ml oral suspension,,,,L,1,0,,,
21532978,00.00.00.00,00.00.00.00,00.00.00.00,Dexamethasone 40mg tablets,,,,L,1,0,,,
37786978,00.00.00.00,00.00.00.00,00.00.00.00,Dexamethasone 4mg soluble tablets sugar free,,,,L,1,0,,,
29325978,00.00.00.00,00.00.00.00,00.00.00.00,Dexamethasone 4mg tablets,,,,L,1,0,,,
86465998,10.01.02.02,06.03.02.00,00.00.00.00,Dexamethasone 4mg/1ml solution for injection ampoules,injection,5,mg/1mL,L,1,0,H02A B02,,
93731990,10.01.02.02,06.03.02.00,00.00.00.00,Dexamethasone 4mg/1ml solution for injection ampoules,injection,5,mg/1mL,L,1,0,H02A B02,,
96598989,06.03.02.00,00.00.00.00,00.00.00.00,Dexamethasone 4mg/ml Injection,injection,,mg/1mL,L,1,0,H02A B02,,
95357992,06.03.02.00,00.00.00.00,00.00.00.00,Dexamethasone 500mcg tablets,tablets,500,mcg,D,0,1,H02A B02,,
83825998,06.03.02.00,00.00.00.00,00.00.00.00,Dexamethasone 500microgram tablets,tablets,500,mcg,L,1,0,H02A B02,,
92484990,06.03.02.00,00.00.00.00,00.00.00.00,Dexamethasone 500microgram tablets,tablets,500,mcg,L,1,0,H02A B02,,
93431979,06.03.02.00,00.00.00.00,00.00.00.00,Dexamethasone 500microgram tablets,tablets,500,mcg,L,1,0,H02A B02,,
96431998,06.03.02.00,00.00.00.00,00.00.00.00,Dexamethasone 500microgram tablets,tablets,500,mcg,L,1,0,H02A B02,,
97502998,06.03.02.00,00.00.00.00,00.00.00.00,Dexamethasone 500microgram tablets,tablets,500,mcg,D,1,0,H02A B02,,
98644990,06.03.02.00,00.00.00.00,00.00.00.00,Dexamethasone 500microgram tablets,tablets,500,mcg,L,1,0,H02A B02,,
96431996,06.03.02.00,00.00.00.00,00.00.00.00,Dexamethasone 500micrograms/5ml oral solution,oral solution,500,mcg/5mL,L,1,0,H02A B02,,
98072989,06.03.02.00,00.00.00.00,00.00.00.00,Dexamethasone 500micrograms/5ml oral solution,oral solution,500,mcg/5mL,L,1,0,H02A B02,,
80310979,00.00.00.00,00.00.00.00,00.00.00.00,Dexamethasone 5mg/5ml oral solution,,,,L,1,0,,,
80308979,00.00.00.00,00.00.00.00,00.00.00.00,Dexamethasone 5mg/5ml oral suspension,,,,L,1,0,,,
85282978,06.03.02.00,00.00.00.00,00.00.00.00,Dexamethasone 6.6mg/2ml solution for injection ampoules,injection,6.6,mg/2mL,L,1,0,H02A B02,,
85183998,06.03.02.00,00.00.00.00,00.00.00.00,Dexamethasone 6.6mg/2ml solution for injection vials,injection,8,mg/2mL,L,1,0,H02A B02,,
93730990,06.03.02.00,00.00.00.00,00.00.00.00,Dexamethasone 6.6mg/2ml solution for injection vials,injection,8,mg/2mL,L,1,0,H02A B02,,
96182992,06.03.02.00,00.00.00.00,00.00.00.00,Dexamethasone 750 mcg tab,,750,mcg,L,1,0,,,
96181992,06.03.02.00,00.00.00.00,00.00.00.00,Dexamethasone 8 mg tab,,8,mg,L,1,0,,,
34076978,00.00.00.00,00.00.00.00,00.00.00.00,Dexamethasone 8mg soluble tablets sugar free,,,,L,1,0,,,
34077978,00.00.00.00,00.00.00.00,00.00.00.00,Dexamethasone 8mg soluble tablets sugar free,,,,L,1,0,,,
37784978,00.00.00.00,00.00.00.00,00.00.00.00,Dexamethasone 8mg soluble tablets sugar free,,,,L,1,0,,,
86464998,06.03.02.00,00.00.00.00,00.00.00.00,Dexamethasone 8mg/2ml solution for injection vials,injection,8,mg/2mL,L,1,0,H02A B02,,
97499997,06.03.02.00,00.00.00.00,00.00.00.00,Dexamethasone phosphate 8mg/2ml injection,injection,8,mg/2mL,D,1,0,H02A B02,,
97499998,06.03.02.00,00.00.00.00,00.00.00.00,Dexamethasone phosphate 8mg/2ml injection,injection,8,mg/2mL,D,1,0,H02A B02,,
96430998,06.03.02.00,00.00.00.00,00.00.00.00,Dexamethasone sodium phosphate 4mg/ml injection,injection,,mg/2mL,L,1,0,H02A B02,,
96430996,06.03.02.00,00.00.00.00,00.00.00.00,Dexamethasone sodium phosphate 4mg/ml intra-artic injection,injection,,mg/2mL,L,1,0,H02A B02,,
93758992,10.01.02.02,00.00.00.00,00.00.00.00,Dexamethasone sodium phosphate 5 mg inj,injection,5,mg/1mL,L,1,0,H02A B02,,
93867998,10.01.02.02,06.03.02.00,00.00.00.00,Dexamethasone sodium phosphate 5mg/ml injection,injection,5,mg/1mL,L,1,0,H02A B02,,
96718990,10.01.02.02,06.03.02.00,00.00.00.00,Dexamethasone sodium phosphate 5mg/ml injection,injection,10,mg/2mL,L,1,0,H02A B02,,
97847998,10.01.02.02,00.00.00.00,00.00.00.00,Dexamethasone sodium phosphate 8mg/2ml injection,injection,8,mg/2mL,D,1,0,H02A B02,,
96430997,06.03.02.00,00.00.00.00,00.00.00.00,Dexamethasone sodium phosphate iv 4mg/ml injection,injection,,mg/2mL,L,1,0,H02A B02,,
97341992,06.03.02.00,00.00.00.00,00.00.00.00,Efcortelan 100 mg inj,injection (powder plus diluent),100,mg,D,1,0,H02A B09,,
96217992,06.03.02.00,00.00.00.00,00.00.00.00,Efcortelan 25 mg inj,,25,mg,L,1,0,,,
97445992,06.03.01.00,00.00.00.00,00.00.00.00,Florinef .2 mg tab,,0.2,mg,L,1,0,,,
96245992,06.03.01.00,00.00.00.00,00.00.00.00,Fludrocortisone .05 mg sus,,0.05,mg,L,1,0,,,
95026992,06.03.01.00,00.00.00.00,00.00.00.00,Fludrocortisone 100microgram tablets,tablets,100,mcg,L,1,0,H02A A02,,
96526998,06.03.01.00,00.00.00.00,00.00.00.00,Fludrocortisone 100microgram tablets,tablets,100,mcg,L,1,0,H02A A02,,
99636998,06.03.01.00,00.00.00.00,00.00.00.00,Fludrocortisone 100microgram tablets,tablets,100,mcg,L,1,0,H02A A02,,
80086979,00.00.00.00,00.00.00.00,00.00.00.00,Fludrocortisone 100micrograms/5ml oral suspension,,,,L,1,0,,,
69478979,00.00.00.00,00.00.00.00,00.00.00.00,Fludrocortisone 10micrograms/5ml oral suspension,,,,L,1,0,,,
80082979,00.00.00.00,00.00.00.00,00.00.00.00,Fludrocortisone 150micrograms/5ml oral suspension,,,,L,1,0,,,
97452992,06.03.01.00,00.00.00.00,00.00.00.00,Fludrocortisone 20 mcg tab,,20,mcg,L,1,0,,,
69470979,00.00.00.00,00.00.00.00,00.00.00.00,Fludrocortisone 20micrograms/5ml oral suspension,,,,L,1,0,,,
96658992,06.03.01.00,00.00.00.00,00.00.00.00,Fludrocortisone 25 mcg tab,,25,mcg,L,1,0,,,
80078979,00.00.00.00,00.00.00.00,00.00.00.00,Fludrocortisone 250micrograms/5ml oral suspension,,,,L,1,0,,,
80076979,00.00.00.00,00.00.00.00,00.00.00.00,Fludrocortisone 25micrograms/5ml oral suspension,,,,L,1,0,,,
69468979,00.00.00.00,00.00.00.00,00.00.00.00,Fludrocortisone 30micrograms/5ml oral suspension,,,,L,1,0,,,
79112979,00.00.00.00,00.00.00.00,00.00.00.00,Fludrocortisone 50microgram capsules,,,,L,1,0,,,
80070979,00.00.00.00,00.00.00.00,00.00.00.00,Fludrocortisone 50micrograms/5ml oral suspension,,,,L,1,0,,,
97451992,06.03.01.00,00.00.00.00,00.00.00.00,Fludrocortisone 75 mcg tab,,75,mcg,L,1,0,,,
84905998,23.00.00.00,00.00.00.00,00.00.00.00,Fludrocortisone capsule,,,,L,1,0,,,
84906998,23.00.00.00,00.00.00.00,00.00.00.00,Fludrocortisone liquid,,,,L,1,0,,,
30960978,06.03.02.00,00.00.00.00,00.00.00.00,Hydrocortisone 10mg tablets,tablets,10,mg,L,1,0,H02A B09,,
92795990,06.03.02.00,00.00.00.00,00.00.00.00,Hydrocortisone 10mg tablets,tablets,10,mg,L,1,0,H02A B09,,
96143998,06.03.02.00,00.00.00.00,00.00.00.00,Hydrocortisone 10mg tablets,tablets,10,mg,L,1,0,H02A B09,,
97492998,06.03.02.00,00.00.00.00,00.00.00.00,Hydrocortisone 10mg tablets,tablets,10,mg,D,1,0,H02A B09,,
84044998,06.03.02.00,00.00.00.00,00.00.00.00,Hydrocortisone 10mg/5ml oral suspension,,10-May,mg/ml,L,1,0,,,
67809979,00.00.00.00,00.00.00.00,00.00.00.00,Hydrocortisone 1mg/5ml oral suspension,,,,L,1,0,,,
63611979,00.00.00.00,00.00.00.00,00.00.00.00,Hydrocortisone 2.5mg capsules,,,,L,1,0,,,
79766979,00.00.00.00,00.00.00.00,00.00.00.00,Hydrocortisone 2.5mg/5ml oral suspension,,,,L,1,0,,,
53809979,06.03.02.00,00.00.00.00,00.00.00.00,Hydrocortisone 20mg modified-release tablets,modified release tablets,20,mg,L,1,0,H02A B09,,
53810979,06.03.02.00,00.00.00.00,00.00.00.00,Hydrocortisone 20mg modified-release tablets,modified release tablets,20,mg,L,1,0,H02A B09,,
96143997,06.03.02.00,00.00.00.00,00.00.00.00,Hydrocortisone 20mg tablets,tablets,20,mg,L,1,0,H02A B09,,
97492997,06.03.02.00,00.00.00.00,00.00.00.00,Hydrocortisone 20mg tablets,tablets,20,mg,D,1,0,H02A B09,,
99550998,06.03.02.00,00.00.00.00,00.00.00.00,Hydrocortisone 20mg tablets,tablets,20,mg,D,1,0,H02A B09,,
97583992,06.03.02.00,00.00.00.00,00.00.00.00,Hydrocortisone 25 mg tab,,25,mg,L,1,0,,,
63726979,00.00.00.00,00.00.00.00,00.00.00.00,Hydrocortisone 2mg capsules,,,,L,1,0,,,
67795979,00.00.00.00,00.00.00.00,00.00.00.00,Hydrocortisone 3mg/5ml oral suspension,,,,L,1,0,,,
85248998,06.03.02.00,00.00.00.00,00.00.00.00,Hydrocortisone 500mg/5ml injection,injection,500,mg/5mL,L,1,0,H02A B09,,
99699998,06.03.02.00,00.00.00.00,00.00.00.00,Hydrocortisone 500mg/5ml injection,injection,500,mg/5mL,L,1,0,H02A B09,,
67789979,00.00.00.00,00.00.00.00,00.00.00.00,Hydrocortisone 50mg/5ml oral suspension,,,,L,1,0,,,
53807979,06.03.02.00,00.00.00.00,00.00.00.00,Hydrocortisone 5mg modified-release tablets,modified release tablets,5,mg,L,1,0,H02A B09,,
53808979,06.03.02.00,00.00.00.00,00.00.00.00,Hydrocortisone 5mg modified-release tablets,modified release tablets,5,mg,L,1,0,H02A B09,,
55169978,00.00.00.00,00.00.00.00,00.00.00.00,Hydrocortisone 5mg/5ml oral solution,,,,L,1,0,,,
92412998,06.03.02.00,00.00.00.00,00.00.00.00,Hydrocortisone 5mg/5ml oral solution,,05-May,mg/ml,L,1,0,,,
79760979,00.00.00.00,00.00.00.00,00.00.00.00,Hydrocortisone 5mg/5ml oral suspension,,,,L,1,0,,,
59793979,00.00.00.00,00.00.00.00,00.00.00.00,Hydrocortisone 5mg/5ml oral suspension sugar free,,,,L,1,0,,,
59794979,00.00.00.00,00.00.00.00,00.00.00.00,Hydrocortisone 5mg/5ml oral suspension sugar free,,,,L,1,0,,,
67775979,00.00.00.00,00.00.00.00,00.00.00.00,Hydrocortisone 7mg/5ml oral suspension,,,,L,1,0,,,
93712992,12.02.01.00,00.00.00.00,00.00.00.00,Hydrocortisone acetate nasal insufflatio 15 mg cap,,15,mg,L,1,0,,,
98376998,06.03.02.00,00.00.00.00,00.00.00.00,Hydrocortisone na succinate 100mg/vial injection,injection (powder plus diluent),100,mg,D,1,0,H02A B09,,
97640997,06.03.02.00,00.00.00.00,00.00.00.00,Hydrocortisone na succinate 500mg/vial injection,injection,500,mg/5mL,L,1,0,H02A B09,,
45998978,06.03.02.00,00.00.00.00,00.00.00.00,Hydrocortisone sodium phosphate 100mg/1ml solution for injection ampoules,injection,100,mg/1mL,L,1,0,H02A B09,,
85249998,06.03.02.00,00.00.00.00,00.00.00.00,Hydrocortisone sodium phosphate 100mg/1ml solution for injection ampoules,injection,100,mg/1mL,L,1,0,H02A B09,,
85251998,06.03.02.00,00.00.00.00,00.00.00.00,Hydrocortisone sodium phosphate 100mg/1ml solution for injection ampoules,injection,100,mg/1mL,L,1,0,H02A B09,,
96172998,06.03.02.00,00.00.00.00,00.00.00.00,Hydrocortisone sodium phosphate 100mg/1ml solution for injection ampoules,injection,500,mg/5mL,L,1,0,H02A B09,,
99896992,06.03.02.00,00.00.00.00,00.00.00.00,Hydrocortisone sodium phosphate 5 mg sol,,5,mg,L,1,0,,,
85250998,06.03.02.00,00.00.00.00,00.00.00.00,Hydrocortisone sodium phosphate 500mg/5ml solution for injection ampoules,injection,500,mg/5mL,L,1,0,H02A B09,,
64761979,06.03.02.00,00.00.00.00,00.00.00.00,Hydrocortisone sodium succinate 100mg powder and solvent for solution for injection vials,injection (powder plus diluent),100,mg,L,1,0,H02A B09,,
86220979,06.03.02.00,00.00.00.00,00.00.00.00,Hydrocortisone sodium succinate 100mg powder and solvent for solution for injection vials,injection (powder plus diluent),100,mg,L,1,0,H02A B09,,
64762979,06.03.02.00,00.00.00.00,00.00.00.00,Hydrocortisone sodium succinate 100mg powder for solution for injection vials,injection (powder for reconstitution),100,mg,L,1,0,H02A B09,,
86221979,06.03.02.00,00.00.00.00,00.00.00.00,Hydrocortisone sodium succinate 100mg powder for solution for injection vials,injection (powder for reconstitution),100,mg,L,1,0,H02A B09,,
96175998,06.03.02.00,00.00.00.00,00.00.00.00,Hydrocortisone sodium succinate 100mg powder for solution for injection vials,injection (powder for reconstitution),100,mg,L,1,0,H02A B09,,
96270992,06.03.02.00,00.00.00.00,00.00.00.00,Hydrocortisone sodium succinate 100mg powder for solution for injection vials,injection (powder for reconstitution),100,mg,L,1,0,H02A B09,,
96680992,06.03.02.00,00.00.00.00,00.00.00.00,Hydrocortisone sodium succinate 100mg powder for solution for injection vials,injection (powder for reconstitution),100,mg,L,1,0,H02A B09,,
97640998,06.03.02.00,00.00.00.00,00.00.00.00,Hydrocortisone sodium succinate 100mg powder for solution for injection vials,injection (powder for reconstitution),100,mg,L,1,0,H02A B09,,
95833992,06.03.02.00,00.00.00.00,00.00.00.00,Hydrocortisone sodium succinate pow,,,,L,1,0,,,
97829998,06.03.02.00,10.01.02.02,00.00.00.00,Methylprednisolone 100mg tablets,injection (powder plus diluent),40,mg,L,1,0,H02A B04,,
97832998,06.03.02.00,10.01.02.02,00.00.00.00,Methylprednisolone 100mg tablets,tablets,16,mg,L,1,0,H02A B04,,
95847996,06.03.02.00,10.01.02.02,00.00.00.00,Methylprednisolone 16mg tablets,injection,40,mg/1mL,L,1,0,H02A B04,,
95851996,06.03.02.00,10.01.02.02,00.00.00.00,Methylprednisolone 16mg tablets,tablets,2,mg,L,1,0,H02A B04,,
83939998,23.00.00.00,00.00.00.00,00.00.00.00,Methylprednisolone 1mg/5ml oral suspension,,,,L,1,0,,,
95847998,06.03.02.00,10.01.02.02,00.00.00.00,Methylprednisolone 2mg tablets,injection,40,mg/1mL,L,1,0,H02A B04,,
95851998,06.03.02.00,10.01.02.02,00.00.00.00,Methylprednisolone 2mg tablets,injection,1,g,D,1,0,H02A B04,,
85370998,10.01.02.02,10.01.02.02,15.02.00.00,Methylprednisolone 40mg/1ml / Lidocaine 10mg/1ml (1%) suspension for injection vials,injection,40,mg/1mL,D,1,0,H02A B04,,
94947998,10.01.02.02,10.01.02.02,15.02.00.00,Methylprednisolone 40mg/1ml / Lidocaine 10mg/1ml (1%) suspension for injection vials,vials,80,mg/2mL,D,1,0,H02A B04,,
97745992,10.01.02.02,10.01.02.02,15.02.00.00,Methylprednisolone 40mg/1ml / Lidocaine 10mg/1ml (1%) suspension for injection vials,injection,40,mg/1mL,D,1,0,H02A B04,,
85368998,10.01.02.02,15.02.00.00,10.01.02.02,Methylprednisolone 40mg/1ml / Lidocaine 10mg/1ml (1%) suspension for injection vials,injection,80,mg/2mL,D,1,0,H02A B04,,
93407979,10.01.02.02,15.02.00.00,10.01.02.02,Methylprednisolone 40mg/1ml / Lidocaine 10mg/1ml (1%) suspension for injection vials,injection,80+20,mg+mg,L,1,0,H02B X01,,
93408979,10.01.02.02,15.02.00.00,10.01.02.02,Methylprednisolone 40mg/1ml / Lidocaine 10mg/1ml (1%) suspension for injection vials,injection,40+10,mg+mg/1mL,L,1,0,H02B X01,,
93409979,10.01.02.02,15.02.00.00,10.01.02.02,Methylprednisolone 40mg/1ml / Lidocaine 10mg/1ml (1%) suspension for injection vials,injection,40+10,mg+mg/1mL,L,1,0,H02B X01,,
97922998,10.01.02.02,15.02.00.00,10.01.02.02,Methylprednisolone 40mg/1ml / Lidocaine 10mg/1ml (1%) suspension for injection vials,injection,80+20,mg+mg/2mL,L,1,0,H02B X01,,
95847997,06.03.02.00,10.01.02.02,00.00.00.00,Methylprednisolone 4mg tablets,injection,40,mg/1mL,L,1,0,H02A B04,,
95851997,06.03.02.00,10.01.02.02,00.00.00.00,Methylprednisolone 4mg tablets,injection (powder plus diluent),2,g,L,1,0,H02A B04,,
85372998,10.01.02.02,10.01.02.02,15.02.00.00,Methylprednisolone 80mg/2ml / Lidocaine 20mg/2ml (1%) suspension for injection vials,injection,120,mg/3mL,D,1,0,H02A B04,,
85374998,10.01.02.02,15.02.00.00,10.01.02.02,Methylprednisolone 80mg/2ml / Lidocaine 20mg/2ml (1%) suspension for injection vials,injection,40+10,mg+mg/1mL,L,1,0,H02B X01,,
96331992,10.01.02.02,15.02.00.00,10.01.02.02,Methylprednisolone 80mg/2ml / Lidocaine 20mg/2ml (1%) suspension for injection vials,injection,40+10,mg+mg,L,1,0,H02B X01,,
61647979,00.00.00.00,00.00.00.00,00.00.00.00,Methylprednisolone aceponate 0.1% ointment,,,,L,1,0,,,
85348998,10.01.02.02,06.03.02.00,00.00.00.00,Methylprednisolone acetate 120mg/3ml injection,injection,80,mg/2mL,L,1,0,H02A B04,,
85351998,10.01.02.02,06.03.02.00,00.00.00.00,Methylprednisolone acetate 120mg/3ml suspension for injection vials,,50,mg,L,1,0,,,
85350998,10.01.02.02,06.03.02.00,00.00.00.00,Methylprednisolone acetate 40mg/1ml injection,injection,25,mg/1mL,L,1,0,H02A B06,,
93400979,06.03.02.00,10.01.02.02,00.00.00.00,Methylprednisolone acetate 40mg/1ml suspension for injection vials,tablets,1,mg,L,1,0,H02A B06,,
93401979,06.03.02.00,10.01.02.02,00.00.00.00,Methylprednisolone acetate 40mg/1ml suspension for injection vials,gastro-resistant tablets,5,mg,L,1,0,H02A B06,,
93402979,06.03.02.00,10.01.02.02,00.00.00.00,Methylprednisolone acetate 40mg/1ml suspension for injection vials,tablets,5,mg,L,1,0,H02A B06,,
93403979,06.03.02.00,10.01.02.02,00.00.00.00,Methylprednisolone acetate 40mg/1ml suspension for injection vials,tablets,1,mg,L,1,0,H02A B06,,
97739992,06.03.02.00,10.01.02.02,00.00.00.00,Methylprednisolone acetate 40mg/1ml suspension for injection vials,injection (powder for reconstitution),500,mg,L,1,0,H02A B04,,
85353998,10.01.02.02,06.03.02.00,00.00.00.00,Methylprednisolone acetate 40mg/1ml suspension for injection vials,injection,120,mg/3mL,D,1,0,H02A B04,,
95848998,10.01.02.02,06.03.02.00,00.00.00.00,Methylprednisolone acetate 40mg/ml injection,injection,80,mg/2mL,D,1,0,H02A B04,,
97923998,06.03.02.00,10.01.02.02,00.00.00.00,Methylprednisolone acetate 80mg/2ml suspension for injection vials,tablets,100,mg,L,1,0,H02A B04,,
85349998,10.01.02.02,06.03.02.00,00.00.00.00,Methylprednisolone acetate 80mg/2ml suspension for injection vials,injection,25,mg/1mL,L,1,0,H02A B06,,
85352998,10.01.02.02,06.03.02.00,00.00.00.00,Methylprednisolone acetate 80mg/2ml suspension for injection vials,,16,mg,L,1,0,,,
97740992,06.03.02.00,00.00.00.00,00.00.00.00,Methylprednisolone l/a 4 mg cap,tablets,1,mg,D,1,0,H02A B07,,
93493998,06.03.02.00,10.01.02.02,00.00.00.00,Methylprednisolone sodium succinate 125mg powder and solvent for solution for injection vials,tablets,5,mg,D,1,0,H02A B07,,
93494998,06.03.02.00,10.01.02.02,00.00.00.00,Methylprednisolone sodium succinate 125mg powder and solvent for solution for injection vials,injection,40,mg/1mL,L,1,0,H02A B04,,
95849998,06.03.02.00,10.01.02.02,00.00.00.00,Methylprednisolone sodium succinate 1g powder and solvent for solution for injection vials,injection (powder plus diluent),125,mg/2mL,L,1,0,H02A B04,,
97902998,06.03.02.00,10.01.02.02,00.00.00.00,Methylprednisolone sodium succinate 1g powder and solvent for solution for injection vials,tablets,4,mg,L,1,0,H02A B04,,
95849997,06.03.02.00,10.01.02.02,00.00.00.00,Methylprednisolone sodium succinate 2g powder and solvent for solution for injection vials,injection (powder plus diluent),125,mg,L,1,0,H02A B04,,
95850997,06.03.02.00,10.01.02.02,00.00.00.00,Methylprednisolone sodium succinate 40mg powder and solvent for solution for injection vials,tablets,4,mg,L,1,0,H02A B04,,
97903997,06.03.02.00,10.01.02.02,00.00.00.00,Methylprednisolone sodium succinate 40mg powder and solvent for solution for injection vials,injection,40,mg/1mL,L,1,0,H02A B04,,
95850996,06.03.02.00,10.01.02.02,00.00.00.00,Methylprednisolone sodium succinate 500mg powder and solvent for solution for injection vials,tablets,16,mg,L,1,0,H02A B04,,
97903996,06.03.02.00,10.01.02.02,00.00.00.00,Methylprednisolone sodium succinate 500mg powder and solvent for solution for injection vials,tablets,2,mg,L,1,0,H02A B04,,
95397992,06.03.01.00,00.00.00.00,00.00.00.00,Percorten m 25 mg inj,,25,mg,L,1,0,,,
66102979,00.00.00.00,00.00.00.00,00.00.00.00,Prednisolone 1.5mg/5ml oral suspension,,,,L,1,0,,,
95492992,06.03.02.00,00.00.00.00,00.00.00.00,Prednisolone 10 mg tab,gastro-resistant tablets,5,mg,L,1,0,H02A B06,,
53397978,06.03.02.00,00.00.00.00,00.00.00.00,Prednisolone 10mg tablets,gastro-resistant tablets,5,mg,L,1,0,H02A B06,,
53398978,06.03.02.00,00.00.00.00,00.00.00.00,Prednisolone 10mg tablets,tablets,20,mg,L,1,0,H02A B06,,
88912979,00.00.00.00,00.00.00.00,00.00.00.00,Prednisolone 10mg/5ml oral solution,,,,L,1,0,,,
66100979,00.00.00.00,00.00.00.00,00.00.00.00,Prednisolone 10mg/5ml oral suspension,,,,L,1,0,,,
46878978,00.00.00.00,00.00.00.00,00.00.00.00,Prednisolone 10mg/ml oral solution sugar free,,,,L,1,0,,,
96411992,06.03.02.00,00.00.00.00,00.00.00.00,Prednisolone 15 mg tab,tablets,25,mg,L,1,0,H02A B06,,
89043979,00.00.00.00,00.00.00.00,00.00.00.00,Prednisolone 15mg/5ml oral solution,,,,L,1,0,,,
88905979,00.00.00.00,00.00.00.00,00.00.00.00,Prednisolone 15mg/5ml oral suspension,,,,L,1,0,,,
32143978,00.00.00.00,00.00.00.00,00.00.00.00,Prednisolone 1mg gastro-resistant tablets,,,,L,1,0,,,
95484992,06.03.02.00,00.00.00.00,00.00.00.00,Prednisolone 1mg tablets,gastro-resistant tablets,2.5,mg,L,1,0,H02A B06,,
95594990,06.03.02.00,00.00.00.00,00.00.00.00,Prednisolone 1mg tablets,tablets,1,mg,L,1,0,H02A B06,,
96361990,06.03.02.00,00.00.00.00,00.00.00.00,Prednisolone 1mg tablets,,2,mg,L,1,0,,,
97155998,06.03.02.00,00.00.00.00,00.00.00.00,Prednisolone 1mg tablets,,4,mg,L,1,0,,,
97240992,06.03.02.00,00.00.00.00,00.00.00.00,Prednisolone 1mg tablets,tablets,5,mg,D,1,0,H02A B06,,
98456988,06.03.02.00,00.00.00.00,00.00.00.00,Prednisolone 1mg tablets,tablets,5,mg,L,1,0,H02A B06,,
98514998,06.03.02.00,00.00.00.00,00.00.00.00,Prednisolone 1mg tablets,tablets,5,mg,L,1,0,H02A B06,,
99100990,06.03.02.00,00.00.00.00,00.00.00.00,Prednisolone 1mg tablets,tablets,5,mg,D,1,0,H02A B07,,
99228998,06.03.02.00,00.00.00.00,00.00.00.00,Prednisolone 1mg tablets,tablets,5,mg,L,1,0,H02A B06,,
99423990,06.03.02.00,00.00.00.00,00.00.00.00,Prednisolone 1mg tablets,soluble tablets,5,mg,D,1,0,H02A B06,,
99424990,06.03.02.00,00.00.00.00,00.00.00.00,Prednisolone 1mg tablets,tablets,1,mg,D,1,0,H02A B06,,
99425990,06.03.02.00,00.00.00.00,00.00.00.00,Prednisolone 1mg tablets,tablets,1,mg,L,1,0,H02A B06,,
66098979,00.00.00.00,00.00.00.00,00.00.00.00,Prednisolone 1mg/5ml oral solution,,,,L,1,0,,,
66096979,00.00.00.00,00.00.00.00,00.00.00.00,Prednisolone 1mg/5ml oral suspension,,,,L,1,0,,,
95493992,06.03.02.00,00.00.00.00,00.00.00.00,Prednisolone 2 mg tab,tablets,25,mg,L,1,0,H02A B06,,
83566978,06.03.02.00,00.00.00.00,00.00.00.00,Prednisolone 2.5mg gastro-resistant tablets,modified release tablets,1,mg,L,1,0,H02A B07,,
91648990,06.03.02.00,00.00.00.00,00.00.00.00,Prednisolone 2.5mg gastro-resistant tablets,modified release tablets,5,mg,L,1,0,H02A B07,,
93384979,06.03.02.00,00.00.00.00,00.00.00.00,Prednisolone 2.5mg gastro-resistant tablets,tablets,25,mg,L,1,0,H02A B06,,
93912998,06.03.02.00,00.00.00.00,00.00.00.00,Prednisolone 2.5mg gastro-resistant tablets,gastro-resistant tablets,5,mg,L,1,0,H02A B06,,
97101990,06.03.02.00,00.00.00.00,00.00.00.00,Prednisolone 2.5mg gastro-resistant tablets,,15,mg,L,1,0,,,
97726990,06.03.02.00,00.00.00.00,00.00.00.00,Prednisolone 2.5mg gastro-resistant tablets,tablets,5,mg,D,1,0,H02A B07,,
98562998,06.03.02.00,00.00.00.00,00.00.00.00,Prednisolone 2.5mg gastro-resistant tablets,tablets,1,mg,L,1,0,H02A B06,,
99099990,06.03.02.00,00.00.00.00,00.00.00.00,Prednisolone 2.5mg gastro-resistant tablets,gastro-resistant tablets,5,mg,L,1,0,H02A B06,,
99423988,06.03.02.00,00.00.00.00,00.00.00.00,Prednisolone 2.5mg gastro-resistant tablets,tablets,1,mg,L,1,0,H02A B06,,
53395978,06.03.02.00,00.00.00.00,00.00.00.00,Prednisolone 2.5mg tablets,,,,L,1,0,,,
53396978,06.03.02.00,00.00.00.00,00.00.00.00,Prednisolone 2.5mg tablets,,,,L,1,0,,,
95417998,06.03.02.00,00.00.00.00,00.00.00.00,Prednisolone 2.5mg tablets,gastro-resistant tablets,5,mg,L,1,0,H02A B06,,
66092979,00.00.00.00,00.00.00.00,00.00.00.00,Prednisolone 2.5mg/5ml oral suspension,,,,L,1,0,,,
53393978,06.03.02.00,00.00.00.00,00.00.00.00,Prednisolone 20mg tablets,,,,L,1,0,,,
53394978,06.03.02.00,00.00.00.00,00.00.00.00,Prednisolone 20mg tablets,,,,L,1,0,,,
66090979,00.00.00.00,00.00.00.00,00.00.00.00,Prednisolone 20mg/5ml oral solution,,,,L,1,0,,,
66088979,00.00.00.00,00.00.00.00,00.00.00.00,Prednisolone 20mg/5ml oral suspension,,,,L,1,0,,,
55091978,06.03.02.00,00.00.00.00,00.00.00.00,Prednisolone 25mg tablets,tablets,20,mg,L,1,0,H02A B06,,
93365979,06.03.02.00,00.00.00.00,00.00.00.00,Prednisolone 25mg tablets,gastro-resistant tablets,5,mg,L,1,0,H02A B06,,
95417997,06.03.02.00,00.00.00.00,00.00.00.00,Prednisolone 25mg tablets,tablets,50,mg,D,1,0,H02A B06,,
95912990,06.03.02.00,00.00.00.00,00.00.00.00,Prednisolone 25mg tablets,soluble tablets,5,mg,D,1,0,H02A B06,,
97436998,06.03.02.00,00.00.00.00,00.00.00.00,Prednisolone 25mg tablets,tablets,5,mg,L,1,0,H02A B06,,
98491998,06.03.02.00,10.01.02.02,00.00.00.00,Prednisolone 25mg/1ml suspension for injection ampoules,tablets,100,mg,L,1,0,H02A B04,,
95414998,10.01.02.02,00.00.00.00,00.00.00.00,Prednisolone 25mg/1ml suspension for injection ampoules,injection (powder plus diluent),1,g,L,1,0,H02A B04,,
66086979,00.00.00.00,00.00.00.00,00.00.00.00,Prednisolone 25mg/5ml oral solution,,,,L,1,0,,,
66084979,00.00.00.00,00.00.00.00,00.00.00.00,Prednisolone 25mg/5ml oral suspension,,,,L,1,0,,,
30490978,00.00.00.00,00.00.00.00,00.00.00.00,Prednisolone 30mg tablets,,,,L,1,0,,,
97511998,06.03.02.00,00.00.00.00,00.00.00.00,Prednisolone 32mg/2ml injection,tablets,1,mg,L,1,0,H02A B06,,
96744992,06.03.02.00,00.00.00.00,00.00.00.00,Prednisolone 4 mg tab,tablets,50,mg,D,1,0,H02A B06,,
96409992,06.03.02.00,00.00.00.00,00.00.00.00,Prednisolone 50 mg tab,tablets,5,mg,L,1,0,H02A B06,,
93912996,06.03.02.00,00.00.00.00,00.00.00.00,Prednisolone 50mg tablets,soluble tablets,5,mg,L,1,0,H02A B06,,
31619978,06.03.02.00,00.00.00.00,00.00.00.00,Prednisolone 5mg gastro-resistant tablets,,,,L,1,0,,,
83565978,06.03.02.00,00.00.00.00,00.00.00.00,Prednisolone 5mg gastro-resistant tablets,modified release tablets,2,mg,L,1,0,H02A B07,,
93371979,06.03.02.00,00.00.00.00,00.00.00.00,Prednisolone 5mg gastro-resistant tablets,soluble tablets,5,mg,L,1,0,H02A B06,,
93912997,06.03.02.00,00.00.00.00,00.00.00.00,Prednisolone 5mg gastro-resistant tablets,soluble tablets,5,mg,L,1,0,H02A B06,,
95417996,06.03.02.00,00.00.00.00,00.00.00.00,Prednisolone 5mg gastro-resistant tablets,tablets,5,mg,L,1,0,H02A B06,,
97101989,06.03.02.00,00.00.00.00,00.00.00.00,Prednisolone 5mg gastro-resistant tablets,,50,mg,L,1,0,,,
98455990,06.03.02.00,00.00.00.00,00.00.00.00,Prednisolone 5mg gastro-resistant tablets,,4,mg,L,1,0,,,
98456989,06.03.02.00,00.00.00.00,00.00.00.00,Prednisolone 5mg gastro-resistant tablets,,10,mg,L,1,0,,,
98562997,06.03.02.00,00.00.00.00,00.00.00.00,Prednisolone 5mg gastro-resistant tablets,gastro-resistant tablets,5,mg,L,1,0,H02A B06,,
99099989,06.03.02.00,00.00.00.00,00.00.00.00,Prednisolone 5mg gastro-resistant tablets,tablets,1,mg,D,1,0,H02A B06,,
99425988,06.03.02.00,00.00.00.00,00.00.00.00,Prednisolone 5mg gastro-resistant tablets,gastro-resistant tablets,2.5,mg,L,1,0,H02A B06,,
91788990,06.03.02.00,00.00.00.00,00.00.00.00,Prednisolone 5mg soluble tablets,modified release tablets,2,mg,L,1,0,H02A B07,,
93075998,06.03.02.00,00.00.00.00,00.00.00.00,Prednisolone 5mg soluble tablets,modified release tablets,1,mg,L,1,0,H02A B07,,
93368979,06.03.02.00,00.00.00.00,00.00.00.00,Prednisolone 5mg soluble tablets,gastro-resistant tablets,2.5,mg,L,1,0,H02A B06,,
93369979,06.03.02.00,00.00.00.00,00.00.00.00,Prednisolone 5mg soluble tablets,gastro-resistant tablets,2.5,mg,L,1,0,H02A B06,,
93370979,06.03.02.00,00.00.00.00,00.00.00.00,Prednisolone 5mg soluble tablets,soluble tablets,5,mg,L,1,0,H02A B06,,
95487992,06.03.02.00,00.00.00.00,00.00.00.00,Prednisolone 5mg soluble tablets,,6.65,mg,L,1,0,,,
96577990,06.03.02.00,00.00.00.00,00.00.00.00,Prednisolone 5mg soluble tablets,tablets,5,mg,L,1,0,H02A B06,,
99226998,06.03.02.00,00.00.00.00,00.00.00.00,Prednisolone 5mg soluble tablets,gastro-resistant tablets,5,mg,L,1,0,H02A B06,,
55092978,06.03.02.00,00.00.00.00,00.00.00.00,Prednisolone 5mg tablets,tablets,2.5,mg,L,1,0,H02A B06,,
93887990,06.03.02.00,00.00.00.00,00.00.00.00,Prednisolone 5mg tablets,soluble tablets,5,mg,L,1,0,H02A B06,,
95593990,06.03.02.00,00.00.00.00,00.00.00.00,Prednisolone 5mg tablets,tablets,2.5,mg,L,1,0,H02A B06,,
96361989,06.03.02.00,00.00.00.00,00.00.00.00,Prednisolone 5mg tablets,,10,mg,L,1,0,,,
97147998,06.03.02.00,00.00.00.00,00.00.00.00,Prednisolone 5mg tablets,soluble tablets,5,mg,L,1,0,H02A B06,,
97155997,06.03.02.00,00.00.00.00,00.00.00.00,Prednisolone 5mg tablets,,2.5,mg,L,1,0,,,
97929990,06.03.02.00,00.00.00.00,00.00.00.00,Prednisolone 5mg tablets,tablets,1,mg,L,1,0,H02A B06,,
98107990,06.03.02.00,00.00.00.00,00.00.00.00,Prednisolone 5mg tablets,gastro-resistant tablets,2.5,mg,L,1,0,H02A B06,,
98514997,06.03.02.00,00.00.00.00,00.00.00.00,Prednisolone 5mg tablets,,30,mg,L,1,0,,,
99099988,06.03.02.00,00.00.00.00,00.00.00.00,Prednisolone 5mg tablets,tablets,5,mg,D,1,0,H02A B06,,
99100989,06.03.02.00,00.00.00.00,00.00.00.00,Prednisolone 5mg tablets,gastro-resistant tablets,2.5,mg,L,1,0,H02A B06,,
99137998,06.03.02.00,00.00.00.00,00.00.00.00,Prednisolone 5mg tablets,tablets,5,mg,L,1,0,H02A B06,,
99228997,06.03.02.00,00.00.00.00,00.00.00.00,Prednisolone 5mg tablets,gastro-resistant tablets,2.5,mg,L,1,0,H02A B06,,
99423989,06.03.02.00,00.00.00.00,00.00.00.00,Prednisolone 5mg tablets,tablets,5,mg,D,1,0,H02A B06,,
99424989,06.03.02.00,00.00.00.00,00.00.00.00,Prednisolone 5mg tablets,tablets,5,mg,D,1,0,H02A B06,,
99425989,06.03.02.00,00.00.00.00,00.00.00.00,Prednisolone 5mg tablets,tablets,5,mg,L,1,0,H02A B06,,
51501978,00.00.00.00,00.00.00.00,00.00.00.00,Prednisolone 5mg/5ml oral solution,,,,L,1,0,,,
65924979,00.00.00.00,00.00.00.00,00.00.00.00,Prednisolone 5mg/5ml oral solution,,,,L,1,0,,,
38837978,00.00.00.00,00.00.00.00,00.00.00.00,Prednisolone 5mg/5ml oral solution unit dose,,,,L,1,0,,,
47989978,00.00.00.00,00.00.00.00,00.00.00.00,Prednisolone 5mg/5ml oral solution unit dose,,,,L,1,0,,,
50939978,00.00.00.00,00.00.00.00,00.00.00.00,Prednisolone 5mg/5ml oral solution unit dose,,,,L,1,0,,,
50940978,00.00.00.00,00.00.00.00,00.00.00.00,Prednisolone 5mg/5ml oral solution unit dose,,,,L,1,0,,,
88907979,00.00.00.00,00.00.00.00,00.00.00.00,Prednisolone 5mg/5ml oral suspension,,,,L,1,0,,,
95491992,10.01.02.02,00.00.00.00,00.00.00.00,Prednisolone pivalate 50 mg inj,injection (powder plus diluent),500,mg,L,1,0,H02A B04,,
97944992,10.01.02.02,00.00.00.00,00.00.00.00,Prednisolone sodium phosphate 16 mg inj,injection (powder plus diluent),40,mg/1mL,L,1,0,H02A B04,,
95416998,06.03.02.00,00.00.00.00,00.00.00.00,Prednisolone steaglate 6.65mg tablet,gastro-resistant tablets,2.5,mg,L,1,0,H02A B06,,
97942992,06.03.02.00,00.00.00.00,00.00.00.00,Prednisone 10 mg tab,tablets,25,mg,D,1,0,H02A B06,,
81913998,06.03.02.00,00.00.00.00,00.00.00.00,Prednisone 1mg modified-release tablets,tablets,10,mg,L,1,0,H02A B06,,
81916998,06.03.02.00,00.00.00.00,00.00.00.00,Prednisone 1mg modified-release tablets,modified release tablets,5,mg,L,1,0,H02A B07,,
97156998,06.03.02.00,00.00.00.00,00.00.00.00,Prednisone 1mg tablets,gastro-resistant tablets,2.5,mg,L,1,0,H02A B06,,
96743992,06.03.02.00,00.00.00.00,00.00.00.00,Prednisone 2.5 mg tab,tablets,1,mg,L,1,0,H02A B06,,
81912998,06.03.02.00,00.00.00.00,00.00.00.00,Prednisone 2mg modified-release tablets,tablets,10,mg,L,1,0,H02A B06,,
81915998,06.03.02.00,00.00.00.00,00.00.00.00,Prednisone 2mg modified-release tablets,tablets,5,mg,L,1,0,H02A B06,,
97943992,06.03.02.00,00.00.00.00,00.00.00.00,Prednisone 30 mg tab,injection,32,mg/2mL,D,1,0,H02A B06,,
96410992,06.03.02.00,00.00.00.00,00.00.00.00,Prednisone 50 mg tab,tablets,1,mg,L,1,0,H02A B06,,
90188979,00.00.00.00,00.00.00.00,00.00.00.00,Prednisone 50mg tablets,,,,L,1,0,,,
81911998,06.03.02.00,00.00.00.00,00.00.00.00,Prednisone 5mg modified-release tablets,tablets,2.5,mg,L,1,0,H02A B06,,
81914998,06.03.02.00,00.00.00.00,00.00.00.00,Prednisone 5mg modified-release tablets,tablets,25,mg,L,1,0,H02A B06,,
97156997,06.03.02.00,00.00.00.00,00.00.00.00,Prednisone 5mg tablets,gastro-resistant tablets,5,mg,L,1,0,H02A B06,,
99098990,06.03.02.00,00.00.00.00,00.00.00.00,Prednisone 5mg tablets,gastro-resistant tablets,5,mg,L,1,0,H02A B06,,
99781998,06.03.02.00,00.00.00.00,00.00.00.00,Prednisone 5mg tablets,tablets,5,mg,L,1,0,H02A B06,,
95139998,06.03.02.00,00.00.00.00,00.00.00.00,Triamcinolone 2mg tablet,tablets,2,mg,D,1,0,H02A B08,,
95139997,06.03.02.00,00.00.00.00,00.00.00.00,Triamcinolone 4mg tablet,tablets,4,mg,D,1,0,H02A B08,,
85747998,10.01.02.02,06.03.02.00,00.00.00.00,Triamcinolone acetonide 10mg/1ml suspension for injection ampoules,intra articular/ intradermal injection,10,mg/1mL,L,1,0,H02A B08,,
85755998,10.01.02.02,06.03.02.00,00.00.00.00,Triamcinolone acetonide 10mg/1ml suspension for injection ampoules,intra articular/ intradermal injection,10,mg/1mL,L,1,0,H02A B08,,
94559992,10.01.02.02,06.03.02.00,00.00.00.00,Triamcinolone acetonide 10mg/1ml suspension for injection ampoules,intra articular/ intradermal injection,10,mg/1mL,L,1,0,H02A B08,,
99984997,10.01.02.02,06.03.02.00,00.00.00.00,Triamcinolone acetonide 10mg/1ml suspension for injection ampoules,intra articular/ intradermal injection,10,mg/1mL,L,1,0,H02A B08,,
99984998,10.01.02.02,06.03.02.00,00.00.00.00,Triamcinolone acetonide 10mg/1ml suspension for injection ampoules,intra articular/ intradermal injection,10,mg/1mL,L,1,0,H02A B08,,
98326998,06.03.02.00,00.00.00.00,00.00.00.00,Triamcinolone acetonide 2mg tablets,tablets,2,mg,D,1,0,H02A B08,,
97835996,10.01.02.02,06.03.02.00,00.00.00.00,Triamcinolone acetonide 40mg/1ml prefilled syringes,intra articular/intramuscular injection,40,mg/mL,L,1,0,H02A B08,,
97835998,10.01.02.02,06.03.02.00,00.00.00.00,Triamcinolone acetonide 40mg/1ml prefilled syringes,intra articular/intramuscular injection,80,mg/2mL,L,1,0,H02A B08,,
99512998,10.01.02.02,06.03.02.00,00.00.00.00,Triamcinolone acetonide 40mg/1ml prefilled syringes,intra articular/intramuscular injection,80,mg/2mL,L,1,0,H02A B08,,
93363979,06.03.02.00,00.00.00.00,00.00.00.00,Triamcinolone acetonide 40mg/1ml suspension for injection pre-filled syringes,prefilled syringes,40,mg/1mL,D,1,0,H02A B08,,
85745998,10.01.02.02,06.03.02.00,00.00.00.00,Triamcinolone acetonide 40mg/1ml suspension for injection vials,intra articular/intramuscular injection,40,mg/mL,L,1,0,H02A B08,,
85752998,10.01.02.02,06.03.02.00,00.00.00.00,Triamcinolone acetonide 40mg/1ml suspension for injection vials,intra articular/intramuscular injection,40,mg/mL,L,1,0,H02A B08,,
88926979,10.01.02.02,06.03.02.00,00.00.00.00,Triamcinolone acetonide 40mg/1ml suspension for injection vials,intra articular/intramuscular injection,40,mg/1mL,L,1,0,H02A B08,,
93362979,10.01.02.02,06.03.02.00,00.00.00.00,Triamcinolone acetonide 40mg/1ml suspension for injection vials,intra articular/intramuscular injection,40,mg/mL,L,1,0,H02A B08,,
95137996,10.01.02.02,06.03.02.00,00.00.00.00,Triamcinolone acetonide 40mg/1ml suspension for injection vials,intra articular/intramuscular injection,80,mg/2mL,L,1,0,H02A B08,,
95137998,10.01.02.02,06.03.02.00,00.00.00.00,Triamcinolone acetonide 40mg/1ml suspension for injection vials,intra articular/intramuscular injection,80,mg/2mL,L,1,0,H02A B08,,
98326997,06.03.02.00,00.00.00.00,00.00.00.00,Triamcinolone acetonide 4mg tablets,tablets,4,mg,D,1,0,H02A B08,,
85746998,10.01.02.02,06.03.02.00,00.00.00.00,Triamcinolone acetonide 50mg/5ml suspension for injection vials,intra articular/ intradermal injection,50,mg/5mL,L,1,0,H02A B08,,
85754998,10.01.02.02,06.03.02.00,00.00.00.00,Triamcinolone acetonide 50mg/5ml suspension for injection vials,intra articular/ intradermal injection,50,mg/5mL,L,1,0,H02A B08,,
98221998,10.01.02.02,06.03.02.00,00.00.00.00,Triamcinolone acetonide 50mg/5ml suspension for injection vials,intra articular/ intradermal injection,50,mg/5mL,L,1,0,H02A B08,,
99305998,10.01.02.02,06.03.02.00,00.00.00.00,Triamcinolone acetonide 50mg/5ml suspension for injection vials,intra articular/ intradermal injection,50,mg/5mL,L,1,0,H02A B08,,
85744998,06.03.02.00,00.00.00.00,00.00.00.00,Triamcinolone acetonide 80mg/2ml injection,injection,80,mg/2mL,D,1,0,H02A B08,,
95137997,06.03.02.00,00.00.00.00,00.00.00.00,Triamcinolone acetonide 80mg/2ml intramuscular injection,injection,80,mg/2mL,D,1,0,H02A B08,,
97835997,10.01.02.02,06.03.02.00,00.00.00.00,Triamcinolone acetonide 80mg/2ml prefilled syringes,intra articular/intramuscular injection,40,mg/mL,L,1,0,H02A B08,,
85748998,06.03.02.00,00.00.00.00,00.00.00.00,Triamcinolone acetonide 80mg/2ml suspension for injection pre-filled syringes,injection,80,mg/2mL,D,1,0,H02A B08,,
89710979,10.01.02.02,00.00.00.00,00.00.00.00,Triamcinolone hexacetonide 100mg/5ml injection,injection,100,mg/5mL,D,1,0,H02A B08,,
99483997,10.01.02.02,00.00.00.00,00.00.00.00,Triamcinolone hexacetonide 100mg/5ml injection,injection,100,mg/5mL,D,1,0,H02A B08,,
85868979,10.01.02.02,00.00.00.00,00.00.00.00,Triamcinolone hexacetonide 20mg/1ml injection,injection,20,mg/1mL,D,1,0,H02A B08,,
73303978,10.01.02.02,00.00.00.00,00.00.00.00,Triamcinolone hexacetonide 20mg/1ml suspension for injection ampoules,injection,20,mg/1mL,L,1,0,H02A B08,,
85869979,10.01.02.02,00.00.00.00,00.00.00.00,Triamcinolone hexacetonide 20mg/1ml suspension for injection ampoules,injection,20,mg/1mL,L,1,0,H02A B08,,
92606998,10.01.02.02,00.00.00.00,00.00.00.00,Triamcinolone hexacetonide 20mg/ml injection,injection,100,mg/5mL,D,1,0,H02A B08,,
99483998,10.01.02.02,00.00.00.00,00.00.00.00,Triamcinolone hexacetonide 25mg/5ml injection,injection,25,mg/5mL,D,1,0,H02A B08,,
95131998,10.01.02.02,00.00.00.00,00.00.00.00,Triamcinolone hexacetonide 5mg/ml injection,injection,25,mg/5mL,D,1,0,H02A B08,,
